t_hours,pEGFR_raw,pEGFR_norm,panRAS_raw,panRAS_norm,pCRAF_raw,pCRAF_norm,pMEK_raw,pMEK_norm,pERK_raw,pERK_norm,DUSP_raw,DUSP_norm,pAKT_raw,pAKT_norm,p4EBP1_raw,p4EBP1_norm,pHer2_raw,pHer2_norm,pHer3_raw,pHer3_norm,pDGFR_raw,pDGFR_norm,pS6K_raw,pS6K_norm
0.0,0.35,0.9993401912819184,1.0,0.0,0.366,0.46944059304375707,1.759,0.9999999999998977,1.0,0.9999999999999966,2.677,0.9999999999999998,0.513,0.30909884852022557,1.002,0.5632689926264992,0.245,0.0,0.203,0.05641279254805013,0.474,0.0,1.432,0.9999999999999983
0.2412060301507538,0.35010537375967726,0.9998057228380149,1.000064045241549,0.0044860852255384255,3.4517725285033785,0.47559527857482126,1.7570567171042752,0.10507061353307798,0.9945708285609233,0.9165737989586664,2.396628497619995,0.8905308304947073,0.5137509165472214,0.39608356008683193,1.0764163671386986,0.644854576525308,0.24510281596789504,0.003304967181220062,0.20308250611144305,0.0668026379833799,0.4742225597950264,0.0016638757806367649,1.4299846279718025,0.9851855111802247
0.4824120603015076,0.3501493486840612,0.999999999999999,1.000128094585462,0.00897245780348748,6.511403477251095,0.4816978237743494,1.7568630501825122,0.0158822509670189,0.9897122827178688,0.8419159940211033,2.1694589400012485,0.8018340028987854,0.5144308619389899,0.4748471111137507,1.1385378066210725,0.7129607486978591,0.24521928051164368,0.007048660916204219,0.20317103151431648,0.07795048190510398,0.47451767753670354,0.0038702008842091858,1.4279879768696808,0.9705086351416969
0.7236180904522613,0.3501334349789296,0.9999296947177745,1.0001921480348424,0.013459117951219245,9.546810536522086,0.48775205354534495,1.756843153495356,0.006719339036552946,0.9853298699989252,0.774574586839671,1.9816631552791482,0.7285104004084735,0.5150447313838231,0.545956553029709,1.1902668704336767,0.7696733515560998,0.2453482961932708,0.011195804617420342,0.20326478374206314,0.08975653043252947,0.47488156270650345,0.006590637074811433,1.426009990943827,0.955968962081712
0.9648241206030151,0.3500592228778757,0.9996018324967564,1.0002562055972686,0.017946066199581362,12.561048088184421,0.4937640599635253,1.756840500290818,0.005497473339873791,0.9813627412378334,0.7136145517231571,1.8238224059002557,0.6668825402232343,0.515597156500556,0.6099484035475489,1.2332118325082038,0.8167555989309581,0.24548890675163795,0.015715659755202106,0.20336308518754914,0.1021354537244639,0.47531073890572717,0.009799194502846647,1.4240506124281298,0.9415660673762297
1.2060301507537687,0.34992831930720164,0.9990235125892089,1.0003202672869425,0.022433303543343518,15.557944145266982,0.49974147814009307,1.75683956503391,0.0050667646186510545,0.9777723033518868,0.6584428563253181,1.6892992394046715,0.6143588736220027,0.5160925129373367,0.6673295292338443,1.2687323090866032,0.8556980914690768,0.24564024758602995,0.020580434177737205,0.20346533221153945,0.11501123658347412,0.47580194621834604,0.013471501761402016,1.4221097816385517,0.9272995123030242
1.4472361809045227,0.34974231280415646,0.9982017530062548,1.0003843331267765,0.026920831587429007,18.54169430475482,0.5056926763458199,1.7568388109093984,0.004719471804061583,0.9745298798493456,0.6086188494727846,1.5732829484239828,0.5690610922321987,0.5165349265145925,0.7185778570981709,1.2979772863011645,0.8877605077613198,0.24580151752483997,0.025764374629754866,0.20357097180085892,0.12831423906031353,0.47635208580029603,0.017584391631144503,1.4201874371752803,0.91316884552764
1.6884422110552764,0.34950276664008456,0.9971434601365794,1.0004484031503103,0.031408652681123646,21.516463508122264,0.5116259617079464,1.756838088188128,0.004386640951427924,0.9716064536035502,0.5636966456985936,1.4722038539533635,0.5295954388682967,0.5169282784284184,0.7641429773434517,1.32191707582353,0.9140066385749412,0.24597197131671972,0.031243525384354716,0.20367949535890695,0.1419804145046568,0.4769582052649212,0.022115791820664542,1.418283515991717,0.8991736036105165
1.9296482412060303,0.3492112331036539,0.9958554918484158,1.0005124774036949,0.03589677005712174,24.48605397261831,0.5175489178870541,1.7568373843505631,0.004062506507847186,0.9689686769043457,0.5231638145512695,1.3833528547416716,0.4949041631471413,0.5172762206110026,0.8044479226878323,1.34137254831955,0.9353364366374642,0.24615092296184524,0.03699583532485828,0.20379044169812482,0.15595168640110688,0.4776175016014345,0.027044746785134518,1.4163979535075875,0.8853133118384277
2.1708542713567835,0.348869266191103,0.9943447135538868,1.0005765559475226,0.04038518795963812,27.453647946723013,0.5234678919934683,1.756836700087816,0.003747386747456787,0.9665808736561382,0.48647214694278096,1.3046381797300082,0.46417054711177524,0.5175821829903782,0.839890009320086,1.357037710432852,0.9525107686698406,0.24633775194654792,0.04300135835386206,0.2039034022307232,0.17017660202811521,0.4783273328176635,0.03235150476845757,1.4145306836630314,0.8715874846220907
2.4120603015075375,0.3484784257709183,0.9926180166081648,1.0006406388585878,0.044873911767776435,30.421651417901415,0.5293876828566886,1.756836037060716,0.0034420465228197283,0.9644088830357083,0.4530967178937608,1.2344195216230294,0.4367541437986857,0.5178493817093827,0.8708417889680055,1.369499119450479,0.9661727004463556,0.24653190367857009,0.04924226738430853,0.204018021333665,0.18461037841962252,0.47908521841113816,0.03801752132515952,1.4126816390678991,0.8579956265936008
2.6532663316582914,0.348040273832985,0.9906823017385663,1.0007047262315563,0.04936294811245843,33.39163951791886,0.535311432134305,1.7568353967525363,0.0031471689177267623,0.9624226402771704,0.4225755436132806,1.17139242243702,0.4121456363517741,0.5180808287304478,0.897652161498479,1.3792525429300366,0.9768657613977044,0.24673288391475767,0.055702675220490785,0.20413399177889582,0.19921432690223323,0.47988882771848934,0.04402537221950926,1.4108507510440975,0.8445372329177068
2.8944723618090453,0.3475563663553819,0.9885444431128015,1.0007688181805798,0.05385230498951154,36.364389984861205,0.5412406910532145,1.7568347804092146,0.002863327716856182,0.9605969633070779,0.3945216691588454,1.1145064336755899,0.38993488421277467,0.5182793414760041,0.9206474916432236,1.386717042286883,0.9850493850003662,0.24694025038221917,0.062368365224453735,0.20425104782289236,0.2139549828745474,0.4807359629311562,0.05035862644951752,1.4090379497330923,0.8312117900820344
3.1356783919597992,0.34702824431403706,0.9862112486204618,1.0008329148408024,0.05834199186516652,39.339983983912425,0.5471756215003284,1.7568341890828227,0.0025910074251342665,0.9589112308295461,0.3686182218003324,1.0629062474394437,0.36978793815855904,0.518447551854103,0.9401326545093018,1.3922467940287853,0.9911118688601022,0.24715360425621435,0.06922651737704555,0.20436895815722966,0.2288032180848391,0.4816245421284404,0.05700171940061925,1.4072431641967516,0.8180187766383616
3.3768844221105527,0.3464574272231544,0.9836894313352198,1.0008970163699036,0.06283201978418358,42.31794890708781,0.5531152808418333,1.7568336236784374,0.0023306248525478477,0.957348630410109,0.34460685686148695,1.0158880434491069,0.35142999628942967,0.5185879171134664,0.9563922930069234,1.3961413001074214,0.9953815687210318,0.2473725824008765,0.07626545885986681,0.20448751957031505,0.2437334424646661,0.4825525827755338,0.06393982947553957,1.4054663224420127,0.8049576633839377
3.6180904522613067,0.345845405507644,0.980985575816929,1.0009611229492306,0.06732240144912725,45.29741984761829,0.5590579439897235,1.7568330849907428,0.00208254597059408,0.95589540310054,0.32227615040888863,0.9728680987832433,0.334633147912333,0.5187027258621364,0.9696915150380998,1.3986535047137107,0.9981357972269111,0.24759685168247372,0.08347448125793637,0.20460655213539722,0.2587229981635609,0.4835181917457191,0.0711588034994237,1.403707351571175,0.7920279144662461
3.8592964824120606,0.34519363929386837,0.9781061327692541,1.001025234785448,0.07181315133594247,48.277294559985386,0.5650014124752264,1.7568325737341957,0.0018470998041980713,0.9545401545216067,0.3014510131525312,0.9333573215815127,0.31920643039622876,0.5187941113367962,0.9802774305890027,1.3999974347297737,0.9996092004484803,0.24782610348951084,0.0908436644111454,0.20472589487155324,0.273751613144968,0.48451955175632827,0.0786450553139207,1.4019661777431869,0.7792289870984367
4.100502512562814,0.34450355371998215,0.9750573983211815,1.001089352111467,0.07630428575901387,51.25637121608424,0.5709432892084786,1.7568320905624781,0.0016245873899357025,0.9532733520293347,0.2819849637588302,0.8969434443031752,0.3049888766495412,0.5188640568691917,0.9883797849495595,1.4003538933283857,0.9999999999999998,0.2480600503988175,0.09836376924734809,0.2048454028773295,0.28880104023082903,0.4855549160496881,0.08638552601148226,1.4002427262851656,0.7665603323790817
4.341708542713567,0.34377653848988626,0.9718455120564324,1.0011534751877873,0.08079582296520056,54.23345430023516,0.5768811896899785,1.75683163608353,0.0014152886990357496,0.9520869177729132,0.26375387566201114,0.8632762187177734,0.2918437346037349,0.5189144060863471,0.9942121402866122,1.3998757514927174,0.9994757943400172,0.24829842293544263,0.10602613363081019,0.20496494474511348,0.3038547314980973,0.4866226005341546,0.09436762518107591,1.3985369217075525,0.7540213954035749
4.582914572864322,0.34301394595286827,0.9684764485294891,1.0012176043034464,0.08528778320029523,57.20742949270044,0.5828128913684841,1.7568312108689965,0.001219466988005396,0.9509739341830342,0.24665145151370754,0.8320563719737232,0.27965415518449144,0.5189468698677068,0.9979726815456674,1.3986921755973403,0.9981781936343429,0.2485409673891067,0.1138226021731764,0.20508440069978368,0.3188976038822849,0.4877209798097825,0.102579201195753,1.396848687897448,0.7416116166852871
4.824120603015075,0.342217091376232,0.9649560184700489,1.001281739777004,0.08978018877798713,60.177306541127045,0.5887364191496639,1.7568308154604266,0.001037371653542884,0.9499284146221393,0.23058569892905584,0.8030265771218267,0.26831966681327685,0.5189630348673625,0.9998452036491305,1.3969123380193782,0.9962268878446846,0.24878744380728998,0.12174546172230755,0.2052036610079984,0.33391583886208065,0.4888484822649299,0.11100850455445391,1.3951779480056994,0.7293304313255812
5.065326633165829,0.3413872529518577,0.9612898688120045,1.0013458819575258,0.09427306414879409,63.142236693428785,0.5946500801666146,1.756830450373503,0.0008692401801239732,0.9489451306976981,0.21547627693314916,0.7759643403205141,0.25775339826441407,0.5189643711842762,0.9999999999999742,1.3946285166024763,0.9937230447926412,0.24903762444005587,0.12978739137191345,0.2053226247033626,0.34889672192191606,0.4900035865096051,0.11964416121740822,1.3935246245676853,0.717177269901665
5.306532663316583,0.34052567189352584,0.9574834831234144,1.001410031225353,0.09876643595392336,66.10151125002697,0.6005524608922526,1.756830116100552,0.0007152992960171116,0.9480194804547046,0.2012524705692327,0.7506763366627662,0.24787986712675775,0.5189522393865276,0.9985946761569285,1.3919186935602932,0.9907521594395992,0.24929129250068457,0.13794142262275383,0.20544119856592946,0.3638285140424352,0.49118481862951974,0.12847515207720214,1.3918886395475498,0.7051515587917457
5.547738693467337,0.3396335532962223,0.9535421854028308,1.0014741879929818,0.10326033308689354,69.0545475474002,0.6064423991829941,1.756829813112513,0.0005757658805073692,0.9471473835762676,0.18785158052101253,0.7269937371248498,0.2386331552422227,0.5189278978524859,0.9957750002215207,1.3888487872714943,0.9873865006911753,0.24954824103673245,0.14620090309341022,0.20555929623139726,0.37870033952327836,0.49239074918002873,0.13749079048522395,1.3902699143531996,0.6932527202852711
5.788944723618091,0.3387120664119636,0.9494711412978721,1.00153835270565,0.10775478673465738,72.00086894116836,0.6123189443542888,1.7568295418602549,0.0004508475695645368,0.9463252008426005,0.17521768549645528,0.7047684925992361,0.22995545783140164,0.5188925090274485,0.9916756275948956,1.3854745004302333,0.9836871375971231,0.24980827209119605,0.1545594695563304,0.20567683748910284,0.3935020975806612,0.49361999136413953,0.1466807086303048,1.3886683699012503,0.6814801730603335
6.030150753768845,0.3377623456932006,0.945275362714884,1.0016025258421195,0.11224983043234915,74.94008257960034,0.6181813128490714,1.7568293027760633,0.00034074344147618337,0.9455496676507787,0.16330062067336495,0.683870196381228,0.2217958584725472,0.5188471460728583,0.9864208712102593,1.3818429159868817,0.97970568904379,0.2500711958784135,0.1630110214475959,0.20579374763804992,0.40822438125318883,0.49487119866377993,0.1560348398298785,1.3870839266566906,0.669833332475228
6.2713567839195985,0.3367854915527991,0.9409597111764626,1.0016667079151946,0.11674550009964815,77.87185854313766,0.6240288466307844,1.7568290962747681,0.0002456445354950632,0.944817841339134,0.15205516827096513,0.6641835416853785,0.2141093364059386,0.5187927987487918,0.9801253829488343,1.3779938250982984,0.9754857796381163,0.2503368301351011,0.1715497000063248,0.20590995696769362,0.4228584120179896,0.49614306315392914,0.16554340592628305,1.385516504622872,0.658311610494874
6.5125628140703515,0.3357825708577612,0.936528900002672,1.0017308994721172,0.12124183406841679,80.79591173826088,0.6298609770700347,1.7568289227550524,0.00016573445495078972,0.9441270585466991,0.14144040232292757,0.6456062256491895,0.20685594816620714,0.5187303788505429,0.972894783403128,1.3739608478025909,0.9710642683473586,0.250604999596549,0.18016987143724045,0.2060254003120561,0.4373959836412973,0.4974343142900083,0.17519690822118994,1.3839660234499096,0.6469144164876397
6.7537688442211055,0.3347546186449148,0.9319875018907996,1.0017951010953317,0.12573887313629706,83.71198710157654,0.6356771954336081,1.7568287826008206,0.00010118999725509507,0.9434748974123555,0.13141910781866964,0.6280471044911824,0.20000010727619902,0.5186607261920728,0.9648263549881699,1.369772407702415,0.9664723170826436,0.2508755353660508,0.18886610664131018,0.2061400166144226,0.4518294073614208,0.49874371653099014,0.1849861097057723,1.3824324023036758,0.6356411562623454
6.994974874371859,0.333702637458927,0.9273399459907627,1.0018593134023075,0.13023666055429906,86.61984854016178,0.6414770308255838,1.7568286761825513,5.218177685135805e-5,0.9428591508247121,0.12195736965333596,0.6114248157112206,0.1935100462943475,0.51858461263435,0.9560095085765018,1.365452505487922,0.9617362387425351,0.2511482746990448,0.19763317427708135,0.20625374863453858,0.4661514750165987,0.5000700697033095,0.19490203778132903,1.380915560225778,0.624491234714374
7.236180904522613,0.3326276002135953,0.9225905305460282,1.0019235370465691,0.13473524209890578,89.5192705254441,0.647260033421022,1.7568286038584797,1.8874769835284742e-5,0.9422777971414918,0.1130241226935209,0.5956663770176672,0.18735726977519446,0.518502748146079,0.9465264855612977,1.3610214391041802,0.9568782867608403,0.2514230603237921,0.2064660189242061,0.20636654257229373,0.4803554116562185,0.5014122056639895,0.2049359593125372,1.3794154157015202,0.6134640526498589
7.477386934673366,0.3315304496001488,0.9177434202795418,1.0019877727174906,0.13923466605771756,92.41003244115502,0.6530257631927517,1.7568285659760388,1.4289776027148652e-6,0.9417289817081708,0.10459086778738821,0.5807062208102189,0.18151617728969938,0.5184157843702079,0.9364527709935667,1.3564963521785245,0.9519172563690396,0.25169974030193626,0.21535975660122345,0.2064783478399953,0.49443484686359856,0.5027689887467982,0.2150793839629548,1.3779318870537212,0.6025590096805522
7.718592964824121,0.3304120995387986,0.9128026528065434,1.002052021140807,0.14373498326525552,95.29191458093464,0.6587737819284479,1.7568285628731037,0.0,0.9412109973934922,0.09663137266782065,0.5664852422945905,0.17596369176801294,0.5183243192195286,0.9258576259276182,1.3518917313840109,0.9468690298753597,0.2519781676284558,0.22430966190621748,0.20658911679602368,0.5083837812157204,0.5041393140765403,0.22532405159252422,1.376464892355693,0.5917755035841404
7.959798994974874,0.32927343459012304,0.9077721360341232,1.0021162830772228,0.14823624700548946,98.16469603621306,0.6645036490179341,1.7568285948783366,1.4739193924581058e-5,0.9407222713013867,0.08912146776397598,0.5529501088672164,0.17067898985337343,0.5182288999587412,0.9148044444413379,1.3472198001313211,0.9417470082846608,0.25225820019187273,0.2333111667377485,0.20669880460991225,0.5221965692929806,0.5055221084357835,0.23566193873729102,1.3750143495081792,0.5811129308698038
8.201005025125628,0.32811531457625803,0.9026556685772124,1.002180559326104,0.15273851327047272,101.02815199864567,0.6702149160727908,1.756828662313848,4.5794899181675945e-5,0.9402613446288289,0.08203873669135783,0.540052365197299,0.16564315248740477,0.5181300291876517,0.9033514467182066,1.3424909136733494,0.9365625444671015,0.2525396999059255,0.24235983238292283,0.20680736887016585,0.535867870292479,0.5069163247060912,0.24608521705159309,1.3735801759647082,0.5705706847593571
8.442211055276381,0.32693857141708593,0.8974569257811585,1.0022448507219708,0.1572418405146476,103.88205371538179,0.6759071268371385,1.7568287654946988,9.331220901961428e-5,0.9398268677318982,0.0753624404354924,0.5277480930325756,0.1608390320835637,0.5180281659226889,0.8915518043280974,1.3377138020838244,0.931325209545138,0.2528225331189853,0.2514513626778645,0.20691476960679067,0.5493926508651638,0.5083209458608443,0.2565862831587312,1.3721622891301968,0.5601481581172858
8.683417085427134,0.3257440114147767,0.8921794698146176,1.00230915813565,0.16174628973556673,106.72616748584497,0.6815798151866781,1.756828904730267,0.0001574335996238122,0.9394175871091768,0.06907331733510237,0.5159973199315555,0.15625102167061403,0.5179237297583641,0.8794541222826997,1.3328958393379022,0.926043087897139,0.25310657017018984,0.2605815897398692,0.20702096906083753,0.5627661560948354,0.5097349823943955,0.26715773943110904,1.3707606062123732,0.5498447423585894
8.92462311557789,0.3245324164010418,0.8868267547380153,1.0023734824750243,0.16625192452638518,109.56025395613457,0.6872325037213499,1.7568290803256503,0.00023829957597186398,0.9390323357760594,0.06315343517099113,0.5047635694670486,0.15186487927261627,0.5178171041264193,0.8671028165688484,1.3280432566789018,0.9207230110797111,0.2533916851230355,0.2697464654038508,0.20712593150392752,0.5759838867713398,0.5111574709892819,0.2777923840262041,1.3693750443391406,0.5396598283114954
9.165829145728644,0.32330454411600623,0.8814021281773698,1.0024378246838381,0.17075881099221518,112.38406821241342,0.6928647039515988,1.756829292581488,0.0003360485897211864,0.9386700258806068,0.05758607769914224,0.49401350565966506,0.1476675890803763,0.5177086388003271,0.8545384042649502,1.3231613144996262,0.9153707462679384,0.2536777556829838,0.2789420585738476,0.20722962316297605,0.5890415899111974,0.5125874745001041,0.28848321076604694,1.3680055203444625,0.5295928046435545
9.407035175879397,0.3220611294217849,0.8759088366857596,1.002502185742776,0.17526701782566825,115.19735915285194,0.6984759150456936,1.756829541795523,0.0004508177589959076,0.9383296409587746,0.052355625642347525,0.4837165826901176,0.1436472246839671,0.5175986528110698,0.841797841299169,1.318254456432129,0.9099911651900392,0.2539646629345891,0.28816454677312675,0.2073320120500696,0.6019352373342967,0.5140240804895414,0.29922339819234467,1.3666519509418216,0.5196430591366928
9.64824120603015,0.32080288475339913,0.8703500277354312,1.0025665666686139,0.17977661624737948,117.99986954306124,0.7040656239402906,1.7568298282626982,0.000582742911948341,0.9380102300539012,0.04744746632857671,0.47384476635884926,0.13979284031851172,0.5174874366872444,0.8289147819388413,1.3133264329449328,0.9045883796318489,0.254252291254258,0.29741021333987716,0.20743306788781754,0.6146610162635807,0.5154664010399475,0.3100063081579571,1.365314252607613,0.5098099778300679
9.889447236180905,0.319530500404634,0.8647287509806904,1.0026309685144768,0.1842876800240961,120.79133557480995,0.7096333044602783,1.7568301522767205,0.0007319593079774719,0.9377109026989282,0.04284791658634384,0.46437230296652626,0.1360943806251244,0.5173752546830399,0.8159198368749734,1.3083804080531762,0.8991658584273415,0.254540528196547,0.30667544377230044,0.20753276197646517,0.6272153125908306,0.5169135723141797,0.3208254825436188,1.3639923419986089,0.5000929480887416
10.130653266331658,0.3182446454735966,0.8590479624352919,1.0026953923686446,0.18880028538500096,123.57148713161871,0.7151784178485149,1.7568305141294092,0.0008986013369911768,0.9374308234463757,0.038544138690738985,0.4552754754949937,0.13254258545340294,0.5172623468678152,0.8028408152749373,1.3034190502139968,0.8937265271108052,0.2548292643760292,0.3159567219312892,0.2076310671506071,0.6395947054256658,0.5183647540193127,0.3316746392486163,1.3626861354989956,0.4904913552740676
10.37185929648241,0.3169459685340372,0.853310527438274,1.0027598393546553,0.19331451102894479,126.34004747128157,0.720700412132606,1.7568309141116638,0.0010828029653489168,0.9371692073714237,0.03452407126249406,0.44653240783090475,0.12912891342185964,0.5171489311420805,0.7897029583097921,1.2984446097310194,0.8882728527784213,0.25511839333054626,0.3252506256447156,0.20772795767464003,0.6517959539300895,0.5198191286888932,0.34254766682486437,1.3613955493649215,0.48100458380622246
10.613065326633166,0.3156350981264195,0.847519222823461,1.002824310631355,0.19783043812796122,129.09673289434457,0.7261987214636735,1.7568313525145338,0.0012846982284336153,0.936925316248614,0.03077637051809045,0.4381228956778203,0.12584547589868691,0.5170352050575924,0.7765291499906071,1.293458983485568,0.8828069150556317,0.25540781141099284,0.33455382316461874,0.2078234091432235,0.6638159847837105,0.5212759011288862,0.35343862033475343,1.360120499948322,0.47163201880949324
10.85427135678392,0.3143126437570328,0.8416767413334509,1.0028888073923528,0.20234815028906816,131.84125275412845,0.731672766136345,1.756831829629003,0.0015044211314623865,0.9366984544001511,0.027290346473565086,0.4300282359652425,0.12268497039566031,0.5169213475392755,0.763340116632471,1.2884637701766217,0.8773304666588709,0.25569741764979675,0.3438630689395606,0.2079173984328175,0.6756518860809426,0.5227342976578315,0.3643417156704968,1.3588609033758754,0.4623730437523539
11.095477386934673,0.3129791965098755,0.8357856943228578,1.002953330866653,0.20686773359857877,134.57330894199958,0.7371219515621096,1.7568323457472552,0.001742106232146812,0.9364879655010954,0.024055913852189324,0.4222310914546431,0.11964062770447197,0.516807520475582,0.7501546110786305,1.283460316596598,0.8718449841295237,0.2559871136310967,0.3531751994415566,0.20800990360207583,0.6873008947877293,0.5241935653378808,0.3752513238052967,1.3576166757903352,0.45322704222144766
11.336683417085426,0.31163532984704156,0.8298486152943465,1.0030178823184135,0.21138927660514853,137.29259575524534,0.7425456680057888,1.7568329011627444,0.0019978886733129195,0.9362932293603723,0.021063542620541754,0.4147153617673644,0.11670616154044093,0.5166938701422074,0.7369895776210229,1.2784497565528117,0.8663517105050474,0.2562768033821739,0.36248712967619884,0.20810090384552252,0.698760390908102,0.5256529713384255,0.38616196603577596,1.3563877331546463,0.4441933964816886
11.577889447236181,0.3102815983657012,0.823867954407088,1.0030824630425956,0.21591287001507173,139.99880063165278,0.747943292050682,1.7568334961699204,0.002271904056307038,0.9361136611384279,0.018304245966775105,0.40746612215396383,0.1138757446354152,0.5165805281220717,0.7238602585690447,1.2734330411080899,0.8608516884729459,0.25656639358212674,0.3717958598904011,0.2081903794889685,0.7100278969070059,0.5271118046901672,0.39706832709555195,1.3551739916096164,0.4352714901054136
11.819095477386934,0.308918539046969,0.8178460839941437,1.0031470743655357,0.22043860673233112,142.69160370971153,0.7533141857213738,1.7568341310649878,0.002564288790612418,0.935948708021507,0.0157695291966272,0.4004694986763113,0.11114396000346012,0.5164676127907869,0.7107803663232317,1.2684109689516152,0.855345793667516,0.25685579336486974,0.3810984692398961,0.2082783119028452,0.7211010667965495,0.5285693749051531,0.4079652448385093,1.3539753674264248,0.4264607076232908
12.06030150753769,0.30754667526466156,0.8117853162727868,1.003211717653649,0.2249665824682536,145.3706754637192,0.7586576917668667,1.756834806148129,0.002875181117543867,0.9357978435287286,0.013451302254310387,0.39371249532250047,0.108505733439037,0.5163552310970995,0.6977622896182494,1.2633842137891484,0.8498347646988237,0.2571449136571646,0.39039209451057927,0.20836468334521893,0.7319776663671049,0.5300250070830339,0.41884767365276865,1.3527917763741129,0.41776042987489825
12.301507537688442,0.30616651266639666,0.8056878851475779,1.0032763943015623,0.22949689491026756,148.03567923589924,0.763973138710982,1.7568355217214553,0.0032047201668248416,0.9356605702166355,0.011341921281393897,0.3871830326703429,0.10595634861290464,0.5162434786104825,0.6848170990358874,1.2583533378322247,0.8443192179414403,0.2574336678859922,0.39967395285662877,0.208449477069157,0.7426555867077204,0.5314780473846585,0.4297107253817437,1.3516231344918324,0.40917003968532706
12.542713567839197,0.30477853944998096,0.7995559474314212,1.0033411057292327,0.23402964352006833,150.68627164451993,0.7692598416663676,1.7568362780888305,0.003553045875088636,0.9355364177840106,0.009434159494874611,0.38086987199022365,0.10349141743858924,0.5161324405850872,0.6719546702511293,1.2533188101297605,0.8387996676321016,0.2577219719651943,0.4089413413711002,0.20853267728434371,0.7531328393724874,0.5329278629634393,0.44054966881102103,1.3504693581384766,0.40068892223000735
12.78391959798995,0.3033832331283478,0.7933916127324355,1.0034058534010426,0.23856493087115016,153.32209759672048,0.7745170923873987,1.7568370755605602,0.003920301145750333,0.9354249354713741,0.007721090395669057,0.37476241063074583,0.10110680018208384,0.516022193851007,0.6591839031124723,1.248281025883376,0.8332765470458542,0.2580097431319491,0.4181915996850301,0.2086142689081554,0.7634075250338805,0.5343738333028655,0.4513598649068813,1.3493303629568374,0.39231645742048954
13.025125628140703,0.30198105330189695,0.7871969115228173,1.0034706388020787,0.24310286098725367,155.94279570656016,0.7797441700766736,1.7568379144487418,0.004306629707234338,0.9353256977960367,0.00619617589509147,0.3688507961764275,0.0987986500339543,0.5159128063403982,0.6465126667487132,1.2432403117850728,0.8277502143479607,0.2582969012190226,0.427422150863313,0.20869423777637167,0.7734778600172341,0.5358153598199974,0.46213683861283067,1.3482060651919698,0.3840520295954076
13.266331658291456,0.300572445825457,0.7809738135480971,1.0035354634481222,0.24764354004213723,158.54799554194096,0.7849403358939013,1.7568387950698765,0.004712177316130015,0.9352382995119561,0.004853188866556697,0.36312578691869124,0.09656335863117443,0.5158043384930461,0.6339479623869784,1.2381969398369137,0.8222209677449582,0.2585833679578566,0.43663047900280855,0.2087725704854799,0.7833421564424403,0.5372518606475212,0.472876239839802,1.3470963810694767,0.37589502295040705
13.507537688442211,0.29915784584087135,0.7747242412248244,1.0036003288956503,0.25218707706012583,161.13731478226106,0.7901048272867369,1.756839717747373,0.005137092910036893,0.9351623520853317,0.003686158988565171,0.3575786565031158,0.09439751882728609,0.5156968441699916,0.6214960291854277,1.2331511366078347,0.8166890556332633,0.258869066455755,0.4458141124267731,0.2088492542882607,0.7929988090752096,0.5386827668289202,0.4835738150209368,1.3460012262534058,0.367844817553285
13.748743718592966,0.2977376699584267,0.7684500350988395,1.0036652367091246,0.256733581624808,163.71036706322036,0.7952368736375329,1.7568406828044068,0.005581525319286928,0.9350974895749177,0.0026894631032778273,0.3522013066922603,0.09229796871988624,0.5155903702905534,0.60916230218663,1.2281030867548866,0.8111546804596478,0.25915392265121634,0.45497067046577194,0.20892427734288763,0.8024463266957464,0.5401075330553602,0.494225487381441,1.3449205171611576,0.35990079900954325
13.989949748743719,0.2963123278184232,0.7621530049232245,1.0037301885045866,0.2612831669327432,166.2667506185941,0.8003356736089424,1.7568416905744937,0.0060456281360129075,0.9350433579432599,0.0018576609699220293,0.3469860169701201,0.09026169388536906,0.5154849587073205,0.5969516295130454,1.223052944083026,0.8056180108465222,0.2594378632182623,0.4640977960933961,0.2089976283058971,0.8116832808421951,0.5415256222467587,0.5048272416653646,1.343854169164951,0.35206234524181934
14.231155778894472,0.29488221013555965,0.7558348768394999,1.0037951859081375,0.2658359468850994,168.80605755072088,0.8054004136342456,1.756842741397249,0.006529557761346885,0.9349996254239005,0.0011856545702231785,0.3419256630133758,0.08828591267955731,0.5153806456285992,0.5848682054644342,1.2180008319257194,0.800079182009206,0.25972081751354087,0.47319321851489726,0.20906929643700597,0.8207083190101163,0.5429365198236197,0.5153752308330358,1.3428021006628716,0.34432885641512806
14.472361809045227,0.29344770204658205,0.7494973523463045,1.0038602305891442,0.27039203841362447,171.32786682941895,0.8104302539534327,1.7568438356156837,0.007033472160339182,0.9349659685780007,0.0006684738504841787,0.33701338984670665,0.08636794862339026,0.5152774628623559,0.5729157146137107,1.2129468519533764,0.7945383054129597,0.2600027157472395,0.48225469437211876,0.20913927176205843,0.8295201851721034,0.544339720349803,0.5258656762012833,1.3417642264046992,0.33669970587671405
14.71356783919598,0.29200917060621806,0.7431420530575874,1.0039253242202508,0.27495155867963206,173.83175258191082,0.8154243451477613,1.7568449735766154,0.007557531050929287,0.9349420838312668,0.000301454001284262,0.33224285688671223,0.08450532607867667,0.5151754375358313,0.5610972993276588,1.2078910841912445,0.7889954687926027,0.26028349081840596,0.4912800667389592,0.2092075449421129,0.838117703292131,0.5457347408032335,0.5362949666563721,1.3407404635365758,0.329174284588875
14.954773869346733,0.2905669779831241,0.736770579001085,1.0039904685299543,0.2795146287566669,176.31727072176218,0.8203818014706875,1.7568461556394213,0.008101899935120558,0.9349276754974493,8.005142315286587e-5,0.32760797340741277,0.08269566696237664,0.5150745933419604,0.5494157041497569,1.202833593099764,0.7834507428186459,0.26056307607080503,0.5002671929845175,0.20927410706254074,0.8464997507671285,0.547121104395055,0.5466595376846405,1.3397307276897348,0.3217519723781957
15.195979899497486,0.28912146852454557,0.730384451471183,1.0040556652395929,0.2840813692168371,178.78397464339992,0.8253017321511537,1.756847382163803,0.008666744464416063,0.9349224659482331,0.0,0.323103099543782,0.08093676922708054,0.5149749500446436,0.5378732184917681,1.197774427787104,0.777904181330302,0.26084140767225295,0.5092140212555966,0.20933894991523738,0.8546652939653335,0.5484983575552186,0.5569559983581837,1.3387349362379397,0.31443216188016143
15.437185929648242,0.2876729812791774,0.7239851683537596,1.004120916122231,0.28865190425545584,181.23139959171937,0.8301832102182012,1.756848653522174,0.009252236144121998,0.9349261849650796,5.714747647818731e-5,0.31872281924154033,0.07922651821078115,0.514876524523894,0.526471797701569,1.1927136261283675,0.7723558258515331,0.26111842234043525,0.5181185173742697,0.20940206570364342,0.8626133510801146,0.5498660537078514,0.5671810100381475,1.33775300525549,0.3072142361782249
15.678391959798995,0.28622184265384115,0.7175741716840616,1.0041862229640093,0.29322635898373556,183.65907221469897,0.8350252915540086,1.7568499700922924,0.009858548941381374,0.9349385752984405,0.0002475408824577622,0.3144620452388282,0.07756292762626281,0.514779330659915,0.5152130496349021,1.1876512155919334,0.766805706497001,0.26139405871326415,0.526978708887323,0.20946344719004154,0.8703430106788168,0.5512237629523903,0.577331358751699,1.3367848514716463,0.3000975831702923
15.919597989949748,0.28476836660903576,0.7111528485106301,1.0042515875604578,0.2978048591706197,186.06651124552246,0.839827016254408,1.756851332256762,0.010485859054482273,0.9349593920460583,0.0005674169798098994,0.31031599803757026,0.07594413135061173,0.5146833796642213,0.5040982730118145,1.1825872150627084,0.7612538439709701,0.2616682573526778,0.5357926851883807,0.20952308767693653,0.8778534293579795,0.5525710719530811,0.5874039543659113,1.3358303923321908,0.2930815960212395
16.160804020100503,0.2833128620138584,0.7047225633886625,1.0043170117574098,0.30238753410852937,188.45321597834348,0.8445873856433794,1.756852740412267,0.01113434916613471,0.9349883966136797,0.0010131094610028222,0.3062800813006836,0.07436833477489313,0.5145886805534527,0.493128512302324,1.177521636510996,0.7557002513969538,0.2619409593678583,0.5445585532619475,0.20958098084160495,0.8851438109084699,0.5539075743564226,0.5973957589477699,1.3348895441151893,0.28616565931235377
16.402010050251256,0.28185562532097946,0.6982846260187272,1.0043824974057334,0.3069745134425708,190.81867799930026,0.8493053856709853,1.7568541949602572,0.011804204153994795,0.9350253620743065,0.0015811313008809212,0.30234998001835245,0.07283385313251363,0.5144952401262916,0.48230455505254327,1.1724544857569092,0.7501449351557707,0.2622121078340835,0.5532744832916806,0.20963712088347441,0.892213424874696,0.5552328805674002,0.6073038598521182,1.3339622239265954,0.27934916371051544
16.64321608040201,0.2803969423414932,0.6918402990878907,1.0044480463678576,0.31156592762764546,193.1623790831108,0.8539799827180543,1.7568556963088564,0.012495611968949943,0.9350700714913331,0.0022681489895205473,0.2985216209102545,0.07133909603853662,0.5144030632680232,0.4716269671644391,1.1673857636224716,0.7445878961486373,0.2624816474783575,0.5619386985551371,0.20969150246239227,0.8990615987808894,0.5565466154340475,0.6171254524112452,1.3330483494205834,0.2726315039124385
16.884422110552762,0.2789370926423303,0.6853908176970798,1.0045136605446612,0.3161619098118848,195.48378315638286,0.8586101075667096,1.7568572448792037,0.01320876655588502,0.9351223143277929,0.003070927355680103,0.29479110003096853,0.06988253922369995,0.5143121531915678,0.46109612081641677,1.1623154667091025,0.7390291306495562,0.2627495238502527,0.5705494487709167,0.20974412061142006,0.9056877071494727,0.5578484125863449,0.6268577976120131,1.3321478375676423,0.26601206958923784
17.125628140703515,0.27747634720531067,0.6789373790189938,1.0045793418588966,0.32076259467557006,197.7823402972195,0.8631946633777281,1.7568588411023658,0.013943866431594516,0.9351818880047318,0.003986353513215273,0.29115470772820073,0.06846273427918781,0.5142225115468259,0.4507122071297582,1.1572435880307252,0.7334686309994176,0.2630156837910854,0.579105025180075,0.20979497077388526,0.9120911761669117,0.5591379175966708,0.6364982457236591,1.3312606053754614,0.2594902506854779
17.36683417085427,0.2760149657052491,0.6724811302730256,1.0046450922318715,0.3253681167977775,200.05749302403498,0.8677325382338129,1.7568604854144916,0.014701112453330696,0.9352485996885413,0.005011464325749973,0.28760895577338674,0.06707831924959193,0.5141341385873567,0.4404752554762646,1.1521701177414196,0.7279063864037525,0.2632800759966608,0.5876037786352681,0.20984404883421467,0.9182714875665163,0.5604147915986599,0.6460442633526835,1.3303865708523055,0.2530654445007008
17.60804020100503,0.27455320087940027,0.6660231880290673,1.0047109136121002,0.32997861266330636,202.30866757485526,0.8722225877458402,1.7568621782637168,0.015480710998586686,0.9353222628283617,0.006143393199419071,0.28415050985736884,0.06572799227630233,0.5140470333356413,0.4303851526220425,1.1470950435123546,0.7223423833459797,0.2635426501806103,0.5960440927066633,0.2098913510351984,0.9242281682096368,0.5616787056393495,0.6554933912190185,1.3295256517454492,0.24673704641597655
17.84924623115578,0.27309129978983754,0.6595646437845829,1.0047768079850194,0.3345942213431953,204.5352702352758,0.8766636277288379,1.7568639201130714,0.016282875303947123,0.9354026960743355,0.007379353460447865,0.2807761675064751,0.06441050297498874,0.513961193670908,0.4204416529010287,1.1420183508140582,0.7167766058968688,0.263803356833138,0.6044243759269633,0.2099368739576127,0.9299607875196101,0.5629293391262256,0.664843232546016,1.3286777651336574,0.24050444689832817
18.090452261306535,0.271629498407296,0.6531065400365262,1.004842777326455,0.3392150812352765,206.7367007471521,0.8810544609461068,1.7568657114300914,0.017107820681302077,0.9354897270778842,0.008716696751291633,0.2774829211383796,0.06312467705533761,0.5138766165023256,0.4106443982773579,1.1369400236150171,0.7112090364804424,0.26406214832922015,0.6127430974139159,0.20998061458440306,0.9354689655642152,0.5641663869060595,0.674091505982427,1.3278428293415587,0.23436704557280813
18.331658291457288,0.2701680253890094,0.6466498869714769,1.0049088236292543,0.3438413319296781,208.91234394381257,0.8853938604253481,1.7568675526934108,0.017955767553243258,0.9355831895542992,0.010152867893557184,0.2742679023154047,0.061869394555128555,0.5137932978603607,0.40099292892798344,1.1318600444983091,0.7056396560018454,0.2643189781967725,0.6209987633459252,0.21002257023568924,0.9407523648709796,0.5653895543969757,0.6832360092093279,1.3270207627891584,0.228324242765558
18.57286432160804,0.268707105013981,0.6401956754333952,1.004974948928763,0.3484731159933405,211.06156100452816,0.8896805520153851,1.7568694443996078,0.018826944606260308,0.9356829210290804,0.011685370257611382,0.2711283407124583,0.060643573819540976,0.5137112329159365,0.39148668546207127,1.1267783946469032,0.700068443831228,0.26457380053009016,0.6291898981073699,0.21006273853315735,0.9458106859431369,0.5665985538889383,0.6922745912822479,1.3262114829488034,0.22237543183672437
18.814070351758794,0.2672469518894395,0.6337448535372338,1.0050411552526588,0.3531105754561041,213.18370454494246,0.893913244484575,1.7568713870515307,0.01972158341427322,0.9357887665462384,0.013311822745406798,0.2680616244322825,0.0594461950508379,0.5136304161815434,0.38212503221717986,1.1216950545081403,0.6944953785322429,0.2648265710913465,0.6373150796957348,0.21010111744889567,0.9506436734094297,0.5677931113832545,0.7012052037638719,1.325414908360309,0.21652001399314133
19.055276381909547,0.2657877770096478,0.6272983534361948,1.0051074446767674,0.35775385572034285,215.27809997972508,0.8980905923479432,1.7568733811728248,0.020639925128795356,0.9359005741763504,0.015029890765978115,0.26506522160240054,0.05827626969642043,0.5135508414315091,0.37290724802354375,1.116610003424629,0.6889204374573807,0.2650772460771386,0.6453729000728327,0.21013770524314415,0.9552511081850197,0.5689729589170591,0.7100258433412414,1.324630956377377,0.21075738172282388
19.2964824120603,0.2643297751822157,0.6208570357723396,1.0051738191926207,0.3624030962840473,217.3440888759788,0.9022112823371301,1.7568754272743576,0.021582205016859844,0.936018203940722,0.016837423366675666,0.2621368244199679,0.057132896690172255,0.5134725022077233,0.36383258478623665,1.111523221130287,0.6833435983881407,0.26532578477022495,0.6533620504035685,0.2101725005406647,0.9596328170886607,0.5701378504510045,0.7187346706034621,1.3238595483644218,0.20508695699551885
19.537688442211056,0.26287315007047335,0.6144218003114859,1.0052402809668362,0.36705844890915584,219.38094161067116,0.906273859192463,1.7568775259220064,0.022548683678746528,0.9361415097403225,0.018732175548011074,0.25927405181645846,0.056015146359883944,0.5133953910064238,0.3549001732840384,1.106434685203831,0.6777648367431894,0.26557214430293596,0.6612811527284306,0.21020550216433068,0.963788651886926,0.5712875303872231,0.7273297746793392,1.3231005994741636,0.19950811612038494
19.77889447236181,0.26141807920210086,0.6079934313545579,1.0053068319621874,0.3717200510792656,221.38798507869484,0.9102769803813257,1.756879677637679,0.023539601465807886,0.9362703643608465,0.02071219249858472,0.25647485223753,0.05492221768994537,0.5133195006644544,0.3461091837508765,1.1013443750974998,0.6721841299952103,0.26581628705390764,0.6691289977277387,0.21023670931654315,0.9677185121396207,0.5724217774168862,0.7358095010454211,1.3223540334414743,0.19402029849180027
20.020100502512562,0.2599647540855764,0.6015727749683578,1.0053734743777087,0.376388056826979,223.36445117579967,0.9142191138918571,1.7568818830168305,0.02455523259977168,0.9364046306454907,0.02277536662773022,0.25373703771709444,0.05385325640369665,0.5132448228077906,0.33745864615605153,1.0962522676181683,0.6666014527166696,0.2660581721678069,0.6769042721275169,0.21026612138877498,0.9714223212160253,0.5735403545207038,0.744172077725526,1.3216197654440782,0.18862288060272164
20.261306532663315,0.25851334655913283,0.595160590318357,1.0054402102681366,0.3810626100774699,225.30960767935554,0.9180987992793919,1.7568841426270483,0.02559583846850103,0.9365441855268556,0.02491980684659046,0.25105866658909953,0.052807504390672284,0.5131713493110341,0.3289476192692428,1.0911583409922587,0.6610167810363398,0.2662977627235441,0.6846057891180487,0.2102937380865492,0.9749000420331838,0.5746430508062448,0.7524159280700667,1.320897716830996,0.1833152843097408
20.50251256281407,0.25706402989239896,0.5887576428938022,1.0055070417841516,0.3857438614763894,227.22267352767798,0.9219144786879949,1.7568864570737752,0.0266616978932427,0.936688904846208,0.027143605296564444,0.24843779962915663,0.05178420449373785,0.5130990714220177,0.320575089256419,1.0860625723901112,0.6554300899251685,0.2665350212481885,0.6922323441509679,0.2103195593563436,0.9781516678511476,0.5757296554174597,0.7605394757014522,1.3201878058383318,0.1780969085871872
20.74371859296482,0.25561696669768175,0.5823646511008748,1.0055739710247726,0.390431958050694,229.10287082005132,0.9256646005663982,1.756888826960037,0.027753088582073964,0.9368386719575199,0.02944496956142329,0.24587263496293907,0.05078265318316792,0.5130279803818693,0.3123400415068837,1.0809649395356058,0.6498413549609714,0.26676991233245145,0.6997827990126356,0.21034358539755219,0.9811772237792357,0.5767999723714121,0.7685412554347358,1.3194899532058797,0.17296717081338348
20.984924623115578,0.25417231649965843,0.5759823197048926,1.0056410001263711,0.3951270494437372,230.94939229535018,0.9293475548029289,1.7568912529116936,0.028870298758975503,0.9369933722504781,0.03182213850631764,0.2433614192444658,0.049802165876803535,0.5129580671007961,0.3042414230767397,1.0758654197987305,0.6442505513335781,0.26700240101647743,0.7072560299362138,0.21036581664510712,0.9839767645876736,0.5778538112892997,0.7764198439819496,1.3188040787667836,0.16792548170209562
21.22613065326633,0.25273023587293153,0.5696113404380151,1.0057081312703078,0.3998292884501615,232.7613960003483,0.932961662091257,1.756893735581621,0.0300136290892281,0.9371528929859616,0.03427337974967265,0.24090244640569194,0.04884207645183835,0.5128893221361772,0.2962781401511559,1.070763990151233,0.6386576537962116,0.2672324527519938,0.7146509263849877,0.2103862537887559,0.9865503771351148,0.5788909874455237,0.7841738603189524,1.318130101184389,0.162971243368196
21.467336683417088,0.25129086884388113,0.5632523495955124,1.005775366538459,0.4045388208961821,234.5380620355627,0.9365052871120458,1.7568962756057425,0.031183372431098817,0.9373171301881601,0.0367970955694492,0.2384941579221372,0.04790177639285953,0.5128217363572423,0.2884491350394491,1.0656606287081019,0.6330626383554754,0.2674600355577036,0.7219664603363735,0.21040489769775547,0.988898170885518,0.5799113328754152,0.7918020487277265,1.3174679432807268,0.1581038884960038
21.70854271356784,0.2498543638461282,0.556906002943438,1.0058427081595565,0.4092558028945695,236.27849387678336,0.9399766417151537,1.7568988736795914,0.03237984909476381,0.937485976354928,0.03939163405693432,0.23613495927197237,0.04698064312953123,0.5127552998812818,0.2807532629477905,1.060555312163723,0.6274654794605098,0.26768511625982605,0.729201565436002,0.2104217495283789,0.9910202914462541,0.5809146767051735,0.7993031317413402,1.3168175228937606,0.15332281313321766
21.949748743718594,0.24842085543116815,0.5505728949178945,1.005910158232087,0.4139803814350301,237.98182911053448,0.9433740057855393,1.7569015304724558,0.03360336730372635,0.9376593336677126,0.042055492104269995,0.23382341358541184,0.04607811564569888,0.5126900033217137,0.2731894365527796,1.0554480187047093,0.6218661531964423,0.26790766459354887,0.7363552688368191,0.21043681057417868,0.9929169017120562,0.581900866192168,0.8066759674430163,1.3161787630862882,0.1486274517339705
22.190954773869347,0.246990482952349,0.5442536411691271,1.0059777190132997,0.41871271462783716,239.64711967758834,0.9466954883845936,1.756904246720344,0.03485426600787188,0.937837100376715,0.04478710619494793,0.23155804096908567,0.04519361612693843,0.5126258365136347,0.2657564783718041,1.0503387250197371,0.6162646340061542,0.2681276490151909,0.743426556583182,0.21045008243932362,0.9945882036929966,0.5828697455162332,0.8139193909080686,1.315551581526865,0.14401719910068694
22.4321608040201,0.24556337071539508,0.5379487908683663,1.006045392595717,0.4234529490449216,241.2734667966852,0.9499392968604077,1.7569070231212827,0.03613286666562018,0.9380191852667475,0.04758507469030813,0.2293375280061078,0.04432663175845056,0.5125627899850679,0.25845329118948296,1.045227409650119,0.610660898363644,0.2683450412077446,0.7504145184392312,0.21046156680497177,0.9960344090942722,0.5838211779765242,0.8210323801494626,1.3149359022730638,0.1394914969998382
22.673366834170853,0.2441396477560646,0.5316589140836964,1.0061131812321995,0.4282012424891934,242.8598817329423,0.9531034591452997,1.7569098604434585,0.03743952304573384,0.9382054931501593,0.050447934909682496,0.22716051655920402,0.04347663226466082,0.5125008535027102,0.25127868959991223,1.040114049654241,0.6050549211171199,0.2685598116013645,0.7573182038972722,0.21047126567284194,0.9972557699887109,0.5847550240704429,0.828013892234019,1.314331643936239,0.13504974716412496
22.914572864321606,0.24271943017003078,0.525384523715099,1.0061810870294374,0.43295774252494246,244.4054183515842,0.9561860881390507,1.7569127594222815,0.038774573822515736,0.9383959378590623,0.05337436277265984,0.22502578960492267,0.04264314246693876,0.5124400174732685,0.24423156233466778,1.0349986237416202,0.5994466789249903,0.26877193342598893,0.7641367524472396,0.21047918109888947,0.9982525452790527,0.5856711607143359,0.8348630069779749,1.3137387307494626,0.13069139265007
23.155778894472363,0.24130283668169086,0.5191261442760163,1.0062491122205293,0.4377226055708248,245.90905174544096,0.959185139627037,1.756915720854722,0.040138386020300884,0.9385904307202334,0.056362995701135774,0.22293210571199404,0.04182567765678532,0.5123802717149202,0.23731072995124522,1.029881109507612,0.5938361472241636,0.26898137914939496,0.77086927907978,0.21048531543820412,0.999025031537493,0.5865694644858606,0.8415788016654967,1.3131570827254317,0.12641584549128812
23.396984924623116,0.23988997946238402,0.512884271329084,1.0063172590007665,0.4424959853972775,247.36974964463698,0.9620985547094502,1.7569187455438666,0.04153132948029738,0.9387888873231569,0.05941253661898365,0.22087829490306418,0.04102378102440283,0.5123216062134637,0.23051503242402097,1.0247614851045617,0.5882233020621986,0.2691881225977018,0.7775149424487604,0.21048967119165535,0.9995735436940006,0.5874498214919307,0.8481604248222756,1.3125866215601265,0.12222253009478133
23.63819095477387,0.23848096502169785,0.506659375423841,1.0063855295322048,0.4472780334467131,248.78647223865104,0.9649242594463897,1.7569218342990467,0.04295377691928186,0.9389912269142109,0.06252174464295433,0.21886324753735914,0.04023701931800592,0.5122640111100111,0.22384332771860252,1.019639729176225,0.5826081200254066,0.26939213877883805,0.7840729391967113,0.21049225098526342,0.9998984124385593,0.588312126102973,0.8546070867527209,1.3120272704228337,0.11811088169745644
23.87939698492462,0.23707589891776695,0.5004519229063951,1.0064539260414858,0.4520689056854994,250.1581226989864,0.96766006617353,1.7569249879743818,0.04440612168028659,0.9391973687827422,0.06568937955006861,0.21688586540086882,0.03946496374731239,0.5122074762617597,0.21729444091246175,1.0145158199009314,0.576990577189834,0.2695934027815562,0.7905424685642062,0.21049305769549942,0.999999999999972,0.5891562764150261,0.860918025614231,1.3114789504668234,0.11408032071699105
24.12060301507538,0.2356748792686627,0.4942623472533402,1.006522450676531,0.45686875256602305,251.48361807735876,0.9703038149111329,1.7569282074135915,0.04588875231683139,0.9394072372469026,0.06891427839140202,0.21494512747856212,0.038707215663862767,0.5121519919001901,0.21086724043932914,1.0093897363871285,0.5713706506512515,0.2697918913240819,0.7969227821704082,0.2104920942522968,0.9998786753394624,0.5899821803415809,0.8670925529603047,1.3109415858896878,0.11013028994910454
24.36180904522613,0.23427800624063827,0.4880910909899487,1.006591105717651,0.4616777338139477,252.7617798034706,0.9728531549578784,1.7569314935353577,0.04740209190449507,0.9396207542813999,0.07219524220800115,0.21303999113218275,0.03796336797655454,0.5120975476774048,0.2045605276188776,1.0042614566301262,0.5657483162850541,0.2699875805057375,0.8032131117401484,0.21048936393564432,0.9995348515000799,0.5907897468855781,0.8731299884892588,1.3104150964745012,0.10626019973951308
24.603015075376884,0.2328853679041246,0.4819385432032655,1.0066598932461577,0.46649599521590573,253.99150629088393,0.9753058891595533,1.7569348471987838,0.048946536081365594,0.9398378505942883,0.07553120624000735,0.21116953828081775,0.03723306222686315,0.5120441341722963,0.19837321112836628,0.9991309606940804,0.5601235522347933,0.2701804492023323,0.8094127782470197,0.2104848698824703,0.9989689235095406,0.5915788987059142,0.8790297539924876,1.309899409222204,0.10246951349063808
24.844221105527637,0.23149705804892384,0.47580511824799043,1.0067288155643852,0.4713236980402246,255.1715488681487,0.9776595269955392,1.7569382693781455,0.05052253352530661,0.940058451597263,0.07892102434219969,0.20933278969929678,0.03651591608289947,0.5119917409933613,0.19230408723625877,0.9939982266896503,0.5544963345023257,0.27037047480275095,0.8155210548681796,0.21047861572017176,0.9981813481593893,0.5923495564983278,0.8847912565846499,1.309394443596176,0.09875763919820091
25.085427135678394,0.2301131587780944,0.46969117884786643,1.006797874767717,0.4761609890592231,256.30074236378664,0.9799117444889477,1.7569417609830338,0.05213050312529165,0.9402824912333158,0.08236368146369663,0.20752888562030736,0.03581159385429245,0.5119403587139616,0.1863520639791373,0.988863234842951,0.5488666414087653,0.2705576374122281,0.821537302096479,0.21047060489210584,0.9971725590653666,0.593101653726409,0.8904139988339393,1.3089001264950115,0.09512403951230414
25.326633165829147,0.22873375746657076,0.4635971110172992,1.0068670731744498,0.48100803065928893,257.3777647839202,0.9820599048749119,1.756945323045972,0.05377092038354237,0.9405098983388828,0.08585808408482418,0.2057569079314104,0.03511973707020836,0.5118899769410962,0.18051593745198882,0.9837259634352044,0.5432344491429633,0.2707419157550462,0.8274608360347588,0.21046084136116996,0.9959430552679801,0.5938351228305304,0.8958974756588887,1.3084163772324033,0.09156812132835847
25.5678391959799,0.22735892819029618,0.45752324201697725,1.0069364128284128,0.4858649660016208,258.40142075840583,0.9841016239442077,1.7569489565010554,0.0554442154739082,0.9407406117969258,0.08940329306369416,0.2040160749723046,0.03444004053663389,0.5118405865461185,0.17479465021016616,0.9785863934548307,0.5375997368617785,0.2709232917081117,0.8332910741253624,0.21044932875324307,0.9944932933676077,0.5945499094569535,0.9012412807063689,1.3079431248332312,0.08808936292624951
25.809045226130653,0.2259887515845649,0.45146992808619696,1.0070058960397477,0.49073195690138255,259.3703256063788,0.9860341399004922,1.7569526624307987,0.057150886920849756,0.9409745642049757,0.09299827267468876,0.20230553182945366,0.03377217045832232,0.5117921772491106,0.16918701144796944,0.9734445035565255,0.5319624811635161,0.27110174545777505,0.8390273794685663,0.21043607130704126,0.9928238071381039,0.5952459576724255,0.9064449958146689,1.3074802892269484,0.08468717572768933
26.050251256281406,0.22462329798341957,0.44543747995427463,1.0070755249081447,0.49560915043257914,260.28318668024286,0.987854874511124,1.7569564418462835,0.058891400352245604,0.94121169588742,0.09664210592528018,0.20062452826045804,0.03311583390816905,0.5117447397454502,0.16369194333605858,0.9683002744765189,0.5263226609285491,0.27127725964276517,0.8446691939951101,0.21042107301076712,0.9909350988066112,0.5959232219382186,0.9115082805324227,1.307027797778839,0.0813610258132956
26.29145728643216,0.22326264045175226,0.439426220415168,1.0071453017011949,0.5004967054299071,261.1385721320282,0.9895609719032539,1.7569602958679813,0.06066627177267147,0.9414519439318161,0.10033382608488135,0.19897227966992231,0.03247072454617301,0.5116982640266811,0.15830828651434645,0.9631536855450191,0.5206802534957734,0.2714498161546277,0.8502159356179061,0.21040433830625802,0.988827727725675,0.5965816583107459,0.9164308063336729,1.3065855721748407,0.07811033751625272
26.532663316582912,0.22190684331005822,0.4334364336308954,1.0072152284981977,0.5053947675390706,261.9351336944606,0.9911497429087702,1.7569642255514608,0.06247598729739657,0.9416952520556712,0.10407256830061355,0.19734809027405695,0.03183657070822801,0.5116527409541665,0.15303498238093707,0.9580047179325092,0.5150352382216506,0.2716193989883248,0.8556670898631238,0.2103858713931205,0.9865022227441583,0.5972212313851877,0.9212123085290023,1.3061535407097677,0.07493458374991781
26.77386934673367,0.2205559735753083,0.4274684156762559,1.0072853075513368,0.5103034945155581,262.67137361985675,0.9926182002154483,1.7569682320698152,0.06432108716457176,0.9419415606730228,0.1078574169575358,0.1957512291483993,0.03121308700978814,0.5116081606694409,0.1478708889503726,0.9528533513669717,0.5093875928811726,0.27178599140856424,0.8610221187832748,0.2103656769472048,0.98395917268342,0.5978419076977121,0.9258525369399853,1.3057316258158915,0.07183319433358477
27.015075376884422,0.21921009173219322,0.4215224337670372,1.0073555409818618,0.5152230349434853,263.34584168119665,0.9939634512927554,1.7569723165594502,0.06620209471683597,0.9421908150159659,0.11168753047635507,0.19418103029897352,0.030600013417979813,0.5115645139281725,0.1428149353772272,0.9476995668763974,0.5037372966745809,0.271949578256647,0.8662805351096634,0.21034375950085818,0.9811991482937645,0.5984436606306281,0.9303512925705215,1.305319754521519,0.06880563287083799
27.25628140703518,0.2178692582714142,0.41559875514558087,1.0074259309983498,0.5201535435239016,263.9569881006803,0.9951824050525072,1.7569764802352865,0.06811956945499886,0.942442959322721,0.11556205200562135,0.19263682079500516,0.029997087191503055,0.511521791145338,0.13786601135107623,0.9425433448217619,0.49808432807084224,0.2721101443251038,0.8714418500058948,0.21032012389564508,0.9782227592646427,0.5990264671292193,0.9347084030616065,1.304917850927357,0.06585134144521691
27.49748743718593,0.21653352835029716,0.4096976234918678,1.0074964797023092,0.5250951674581468,264.50329720414055,0.9962720384274553,1.7569807242860223,0.0700740588036274,0.9426979417406416,0.11948018476273713,0.19111798025706153,0.02940406610737622,0.5114799832398484,0.13302306493622953,0.9373846666254123,0.49242866670254665,0.2722676757065909,0.876505616427455,0.210294774859317,0.9750306009532522,0.5995903098060239,0.9389237384231133,1.3045258428687925,0.06296978959294769
27.738693467336685,0.21520295728003036,0.4038192831656289,1.007567189288888,0.5300480605066101,264.98314382516094,0.9972291099640785,1.7569850499867108,0.07206614995605101,0.9429557092501406,0.12344111403356618,0.18962387902739564,0.02882070431996217,0.5114390807645454,0.12828500179224325,0.9322235129864999,0.48677029140941624,0.2724221584200184,0.8814713849592929,0.21026771744778341,0.9716233100411343,0.6001351749002393,0.9429971957781202,1.3041436550170205,0.06016042359108157
27.979899497487438,0.21387759636208317,0.3979639608120264,1.0076380618871559,0.5350123718011772,265.3949062626087,0.9980503851204895,1.7569894586102155,0.07409642909703855,0.9432162115790129,0.12744406732102623,0.18815392512234627,0.02824677069321747,0.5113990745964037,0.12365076512564145,0.9270598652902899,0.48110918178338685,0.27257357946768296,0.8863387377968233,0.2102389566867189,0.968001519402401,0.6006610535907008,0.9469287091788577,1.3037712143459907,0.057422706643638646
28.22110552763819,0.21255749525695122,0.3921318758265519,1.0077090996474194,0.5399882519612919,265.73690215589596,0.998732508367312,1.7569939514775021,0.07616550456369763,0.943479398998211,0.1314882804743505,0.18670753722472527,0.02768203825575143,0.511359955558511,0.11911929190075658,0.9218937048319891,0.47544531731765927,0.27272192624447955,0.8911072697553317,0.21020849776546283,0.9641658825211732,0.6011679411583635,0.9507182433453484,1.3034084471306613,0.05475609681652627
28.462311557788944,0.2112427005110511,0.3863232338469829,1.0077803046779776,0.5449758486639582,266.0074348222158,0.9992720956089831,1.7569985299212736,0.07827399009833767,0.9437452237790233,0.1355730200805073,0.18528416206442647,0.027126290986968074,0.5113217146903191,0.11468954414511014,0.9167250133662157,0.4697786780091056,0.2728671869187132,0.8957766005109802,0.21017634588774403,0.9601170546936183,0.6016558371972631,0.954365795242569,1.3030552810935703,0.052160062816447354
28.7035175879397,0.20993325733783882,0.38053823462220004,1.0078516791181653,0.5499753117600878,266.2047353894437,0.9996656187657198,1.7570031953314,0.08042252577024812,0.9440136384472341,0.13969755663712147,0.18388325324648594,0.02657931555062456,0.5112843429347109,0.11036047269990008,0.9115537724668212,0.46410924365641604,0.2730093499860007,0.9003463602612002,0.21014250644421092,0.9558557147543422,0.6021247452995211,0.9578713917255217,1.3027116429005137,0.0496340655822605
28.944723618090453,0.20862920854894862,0.37477706729005655,1.0079232250923402,0.5549867900515264,266.32699543461746,0.9999094708721558,1.7570079491293296,0.08261176619109273,0.9442845968386351,0.1438611807717648,0.18250428380103087,0.026040906194874335,0.5112478313344607,0.10613103997751451,0.9063799639257316,0.4584369942973643,0.2731484045476854,0.9048161986741993,0.21010698490442994,0.9513825514759573,0.6025746732160384,0.9612350907405958,1.3023774597181292,0.047177569734385486
29.185929648241206,0.20733059443181664,0.36903990983673135,1.007994944692881,0.5600104301001264,266.37238399172907,1.0,1.757012792754687,0.08484237434339396,0.9445580543548054,0.14806320717234775,0.1811467482301089,0.02551086555143796,0.5112121711002852,0.1020002278444795,0.9012035698881125,0.4527619103569948,0.2732843403478811,0.9091857860797113,0.21006978676226182,0.9466982566904114,0.6030056323836644,0.9644569777906405,1.3020526597961541,0.04479004785483106
29.42713567839196,0.20603745354649883,0.36332693261699683,1.0080668400217643,0.5650463791400133,266.3390077934954,0.9999334299588019,1.7570177276965369,0.08711503597780464,0.9448339670679707,0.15230296083212555,0.17981015265969771,0.024989000790521375,0.5111773534359538,0.09796701736258151,0.8960245724962639,0.4470839722572102,0.27341714757772023,0.9134548071766584,0.21003091764816578,0.941803539431256,0.6034176382078896,0.9675371680484008,1.3017371710178747,0.04247096983191857
29.668341708542712,0.20474982233825614,0.3576382966426561,1.0081389131626604,0.5700947831230726,266.2249368826473,0.9997059113785995,1.7570227554732247,0.0894304503297079,0.945112292237581,0.15657978498758354,0.17849401989942915,0.024475125596351198,0.5111433696530046,0.09403040207727006,0.8908429541206089,0.4414031606700134,0.27354681697822586,0.9176229643399216,0.2099903832484624,0.9366991157665571,0.60381070963062,0.970475803125162,1.3014309218609441,0.04021980992301048
29.909547738693465,0.20346773583360442,0.35197415665762716,1.008211166224297,0.5751557897563263,266.0281590147529,0.9993134307646929,1.7570278776682884,0.09178934665703425,0.9453929874386413,0.16089302772411762,0.17719788002121273,0.023969056488661596,0.5111102109906231,0.09018936715287823,0.8856586969934617,0.43571945611599316,0.2736733396709686,0.9216899721768862,0.20994818943022217,0.9313857245258973,0.6041848696995841,0.9732730553276846,1.301133839886127,0.038036035645652236
30.15075376884422,0.20219122617000104,0.34633465464223406,1.0082836012409226,0.580229541529866,265.7466772688491,0.9987520051855971,1.7570330958536153,0.09419244885249492,0.945676012473583,0.16524207135439056,0.17592129083775773,0.023470620818395616,0.5110778690259372,0.08644293690025796,0.8804717840390448,0.4300328398743044,0.27379670753357055,0.9256555695978333,0.20990434195470029,0.9258640912137232,0.6045401441265192,0.9759291168790839,1.300845855160105,0.03591913293775166
30.39195979899497,0.20092032457366688,0.34071992855104183,1.0083562202971494,0.5853161844615233,265.3783840099871,0.9980174308867565,1.7570384116886366,0.09664052112474071,0.9459613268929932,0.16962629432115503,0.1746638108524563,0.02297964620616879,0.5110463351564273,0.0827901148202936,0.8752821978237353,0.4243432928317821,0.2739169127068025,0.9295195039718215,0.20985884683361528,0.9201349728748806,0.6048765629002398,0.9784442119782625,1.300566895939515,0.033868574432034684
30.63316582914573,0.19965505983573695,0.3351301055806309,1.008429025420263,0.5904158605536712,264.92116965967347,0.9971055002371455,1.7570438268346844,0.09913432855794667,0.9462488920380303,0.17404510258159694,0.17342502097684248,0.02249596902170512,0.5110156010426873,0.079229934892416,0.8700899214520929,0.418650796465292,0.2740339479807873,0.9332815435410019,0.20981171001419643,0.9141991184332011,0.6051941585719399,0.9808185839806902,1.3002968923819607,0.03188384673475488
30.874371859296485,0.19839545989349266,0.32956530915533505,1.0085020186941542,0.5955287157736242,264.3727987404528,0.9960117544956795,1.7570493430526208,0.10167468207226378,0.9465386688739817,0.1784978963171575,0.17220450126344541,0.022019425299335916,0.5109856581397384,0.07576140728290519,0.8648949376167048,0.41295533180003824,0.2741478064069278,0.9369414649462445,0.2097629377187527,0.9080573114528,0.6054929682089464,0.9830525100048261,1.3000357725970504,0.02996442139786813
31.115577889447238,0.197141549766446,0.32402564980905163,1.0085752020939815,0.6006548884724768,263.73108994177335,0.9947318429591332,1.7570549620609888,0.10426237309878728,0.946830621014725,0.182984116408273,0.1710018629000621,0.02154986322994864,0.5109564983722129,0.07238359655688031,0.8596972299643281,0.40725688090731876,0.2742584818112082,0.9404990697269371,0.20971253594239586,0.9017103068872623,0.6057730301477152,0.9851462766572454,1.299783468356674,0.028109796893835384
31.35678391959799,0.19589335400034316,0.31851123598262465,1.0086485776780467,0.6057945228251413,262.99370070121233,0.9932610933015605,1.7570606857056859,0.1068982517186151,0.9471247111730873,0.18750318988958067,0.1698167104223763,0.021087128407157832,0.5109281133488786,0.06909553069032497,0.8544967815050897,0.4015554251604689,0.27436596819755876,0.943954165142458,0.20966051103765768,0.8951589046994289,0.6060343877337225,0.9871002079923799,1.299539908443503,0.02631944972213081
31.597989949748744,0.19465089467570473,0.3130221652257585,1.008722147415627,0.6109477567707539,262.1583223317889,0.9915949007628162,1.7570665158062146,0.10958315585725109,0.947420904247011,0.19205457737282625,0.16864867402083655,0.020631076441308585,0.5109004950632591,0.06589628222860959,0.8492935760301568,0.395850946789109,0.2744702602359244,0.9473065798608883,0.20960686918013444,0.888403882570974,0.6062770855817202,0.9889146375538738,1.299305024612809,0.024592878233057114
31.839195979899497,0.19341419331241552,0.30755853261132027,1.0087959133584212,0.6161147340217354,261.2224737068042,0.9897283166454661,1.7570724543182688,0.1123179861595184,0.9477191642616914,0.1966377260588723,0.16749737745927612,0.020181560433517248,0.5108736351960426,0.06278488747883218,0.8440875966990389,0.39014342733034857,0.2745713528102669,0.950556149429771,0.20955161691043614,0.8814460641490885,0.6065011735436197,0.9905899380388172,1.2990787456273187,0.022929558779479924
32.08040201005025,0.1921832686901398,0.3021204211061356,1.0088698774205425,0.6212955886532061,260.1837700819117,0.9876565844901829,1.7570785031218408,0.11510360840807433,0.9480194581688396,0.20125212811825685,0.16636247739871332,0.019738446329385043,0.5108475260048432,0.05976044957808306,0.8388788278397301,0.3844328496023524,0.27466924153381617,0.9537027328386057,0.20949476042509718,0.8742862297521452,0.6067067010966352,0.9921264793430334,1.2988610049045743,0.0213290019306329
32.321608040201006,0.1909581393080568,0.29670791243787287,1.0089440416271984,0.6264904625219921,259.0396098036414,0.9853745152045043,1.7570846642681297,0.11794096723031021,0.948321751536451,0.20589725445895354,0.16524361868435797,0.019301595461110155,0.5108221593171023,0.05682202183307415,0.8336672529102328,0.3787191954694793,0.2747639221800038,0.9567461942264925,0.2094363063833343,0.8669252179632666,0.6068937237693239,0.9935246766026951,1.298651731844508,0.019790688723317025
32.56281407035176,0.1897388213453097,0.29132107808449514,1.0090184078870628,0.6316994893222215,257.7874650459185,0.9828770669473921,1.7570909397503356,0.12083098054368477,0.9486260123969253,0.21057261385767131,0.16414047374274687,0.018870879929834595,0.5107975274476942,0.053968714013805555,0.8284528563551867,0.37300244787777725,0.27485539114948737,0.9596864178943946,0.2093762611568408,0.8593638311582712,0.6070622968297424,0.9947849430064489,1.2984508597684412,0.01831412901946955
32.80402010050251,0.18852533053957302,0.2859599875735976,1.0090929782142641,0.636922810134676,256.4245826449411,0.9801587484335171,1.7570973317395104,0.1237746481708399,0.948932207521636,0.21527769571383185,0.16305270446354894,0.018446167722651084,0.510773622304181,0.05119958870800087,0.8232356217945369,0.36728258886914916,0.274943645059239,0.9625232950965942,0.20931463157420152,0.8516029292485005,0.6072124817632295,0.9959077382238689,1.298258318141365,0.01689880433412417
33.04522613065327,0.1873176801876824,0.2806246996493744,1.009167754458721,0.6421605545379406,254.94835552712394,0.9772143597597995,1.7571038422916834,0.12677291696356296,0.9492403068227652,0.2200120376894221,0.1619800066963349,0.018027340086067864,0.5107504364683797,0.04851378660779484,0.8180155342120612,0.36155960198072135,0.275028681166136,0.9652567376568013,0.20925142399965307,0.8436433136707637,0.60734433780817,0.9968935051261117,1.2980740420254715,0.015544237325919525
33.28643216080402,0.1861158833405709,0.27531527196964445,1.009242738607957,0.6474128617492391,253.35589407399624,0.9740381374771103,1.7571104736857834,0.12982683642451612,0.9495502784266855,0.22477515000516765,0.16092206043862445,0.017614272077266364,0.5107279619847352,0.045910386157165556,0.8127925775029992,0.3558334695562129,0.27511049691795386,0.9678866635350553,0.2091866453725261,0.8354858582824211,0.6074579316012111,0.9977427418943667,1.297897961465661,0.014249913772651784
33.527638190954775,0.18491995098132896,0.27003175305668914,1.0093179325064339,0.6526798609649356,251.64443136498863,0.9706245628617468,1.7571172281040766,0.13293741154062555,0.9498620931613636,0.22956658439526115,0.15987857470954736,0.017206850084720664,0.5107061914830023,0.04338853360123942,0.8075667367461543,0.3501041752369305,0.27518909031086136,0.9704130083192153,0.20912030222687386,0.8271313859049869,0.6075533277367613,0.9984559314418745,1.2977300113696137,0.013015355197182978
33.768844221105525,0.18372989365297082,0.2647741894885732,1.009393338127388,0.657961690401496,249.81091055830836,0.9669675389315827,1.757124107957516,0.13610575261491825,0.9501757202455597,0.2343858678663689,0.15884924453198307,0.016804955032162946,0.5106851170908611,0.04094731702579773,0.8023379960023181,0.34437170154809427,0.27526445959770784,0.9728357158480094,0.20905240165680433,0.8185807898866508,0.6076305983051847,0.9990336127222715,1.2975701218942306,0.01184004820059752
34.01005025125628,0.18254571983477108,0.25954261872595014,1.009468957252063,0.6632584748271215,247.8524845940799,0.9630613871221544,1.7571311154916727,0.13933289378788788,0.9504911322547572,0.2392325790055247,0.15783379994875227,0.016408481516626185,0.5106647317121,0.038585914419521375,0.7971063409017182,0.33863603273555876,0.2753366035463723,0.9751547465155319,0.2089829501570311,0.8098348880949532,0.6076898109727866,0.9994762916145575,1.2974182298094623,0.010723527994834552
34.25125628140703,0.1813674376790207,0.25433707678488987,1.0095447918278528,0.6685703506481454,245.7659409232478,0.9588996998875374,1.7571382532403024,0.14262000191609148,0.9508082995882883,0.24410626296040147,0.1568319514679292,0.01601731650793284,0.5106450275984316,0.036303428235843684,0.7918717557523697,0.33289715159558514,0.2754055211877185,0.9773700691693904,0.20891195492901038,0.8008945873962503,0.6077310425463684,0.9997845423328519,1.297274265768712,0.009665284830641713
34.49246231155779,0.1801950535998242,0.24915759200231508,1.0096208436304221,0.6738974422419938,243.54825447460328,0.9544764436131906,1.7571455235892823,0.14596817575447066,0.9511271955984884,0.2490065102553651,0.15584344015870613,0.01563135890828859,0.5106259976932233,0.03409904104820067,0.7866342262608628,0.32715504245774724,0.2754712119863362,0.979481666599093,0.20883942263253047,0.7917607264456452,0.6077543656586911,0.9999589078857952,1.297138166338177,0.008664852422218131
34.73366834170854,0.17902857347590934,0.24400419034990273,1.0096971145908447,0.6792398848718211,241.196026203825,0.9497848387815989,1.7571529292192876,0.14937864981955,0.9514477916665205,0.253932881125182,0.1548679897039969,0.015250500831543503,0.5106076343301281,0.03197186480187417,0.781393736896399,0.32140968829502115,0.2755336757409729,0.9814895323354832,0.20876536061378276,0.7824342303357353,0.6077598621342217,0.9999999999999983,1.297009862293769,0.007721721920841613
34.97487437185929,0.1778680015685895,0.2388768906537428,1.0097736064159089,0.6845977980905936,238.70615397302896,0.9448186980659345,1.757160472576802,0.15285255077710957,0.9517700627995375,0.2588849915226137,0.15390536036153607,0.01487464867194068,0.5105899307392626,0.029921115286728604,0.7761502739416759,0.31566107406858984,0.2755929126023217,0.9833936712225096,0.20868977545556172,0.772915928025927,0.6077476067312403,0.9999083775746617,1.29688929224159,0.006835442035533482
35.21608040201006,0.17671334162177266,0.23377570945407536,1.0098503210121743,0.6899713154443573,236.07506007903683,0.939570885607095,1.7571681564830617,0.15639117787551285,0.9520939814007553,0.26386241738758526,0.15295528901721503,0.014503699698344074,0.5105728793638359,0.027945917138816105,0.7709038220825561,0.3099091829889636,0.27564892310185396,0.985194100344052,0.20861267461173527,0.7632067581683288,0.6077176856438115,0.9996846850038753,1.2967763873537579,0.006005506829981088
35.45728643216081,0.17556459605394756,0.22870065743556087,1.009927260085615,0.6953605564290293,233.29943494402949,0.9340348003317578,1.7571759835477323,0.15999573292970645,0.9524195230659103,0.2688647837172008,0.15201754450694352,0.014137563654287656,0.5105564734464277,0.026045487591732894,0.7656543676221211,0.30415400003967286,0.2757017080517147,0.9868908458061002,0.20853406484567236,0.7533075724617638,0.6076701784798504,0.9993295174431208,1.29667108581099,0.005231461886311283
35.69849246231156,0.17442176653625177,0.22365174198113102,1.0100044255128335,0.7007656524922898,230.37551633389066,0.9282029383271533,1.7571839567370318,0.16366758195572706,0.9527466612499098,0.27389168261197633,0.1510918768843731,0.01377614294989887,0.5105407055572188,0.024218965989654857,0.7604018954976526,0.2983955087068685,0.27575126870853606,0.9884839480024591,0.20845395369956957,0.7432193206814115,0.6076051754800652,0.9988435495395358,1.2965733193454523,0.0045128053849839665
35.93969849246231,0.17328485367363575,0.2186289657634011,1.0100818189399543,0.7061867189378669,227.29989292496091,0.9220684955841805,1.7571920787403568,0.1674079634866512,0.9530753729232888,0.2789427601945645,0.15017807072833417,0.013419353475429304,0.5105255691811578,0.022465597641733122,0.7551463924979964,0.2926336945066438,0.27579760649473545,0.9899734526560136,0.2083723478801904,0.7329428473978736,0.6075227581485119,0.9982273906243103,1.296483027833723,0.0038490953739686693
36.18090452261307,0.17215385723083215,0.21363232774298177,1.0101594422080684,0.7116238847260266,224.06862514092404,0.9156236144746026,1.7572003526630227,0.17121830759627646,0.9534056325933034,0.28401762473617165,0.1492758889174605,0.013067102648434536,0.5105110570328601,0.020784538623189446,0.7498878438472263,0.28686854123957073,0.27584072334547627,0.9913594219716109,0.20828925498749531,0.7224791096604268,0.6074230201587971,0.9974817410092213,1.2964001437606534,0.003239835566525348
36.42211055276382,0.17102877611786677,0.20866182310446738,1.0102372969810214,0.7170772664017699,220.6780273048775,0.9088609437817973,1.7572087814099209,0.17509995205828394,0.953737417470085,0.28911592604116154,0.1483851208619598,0.012719308245544963,0.5104971625287842,0.019175026309363328,0.7446262361897539,0.2811000342633938,0.2758806213448615,0.9926419229416859,0.20820468198667658,0.7118289845831417,0.6073060486093789,0.9966072518496789,1.2963246058419435,0.002684575477301598
36.663316582914575,0.16990960829706747,0.20371744284561036,1.0103153850383084,0.7225469886108474,217.1240260372089,0.9017723590019876,1.7572173681909167,0.17905437509427286,0.9540707034207918,0.294237293277383,0.14750554480745523,0.012375883684253948,0.5104838786271848,0.017636244998208223,0.7393615552374001,0.27532815791342136,0.27591730305998885,0.9938210380842913,0.20811863642577808,0.7009934226775371,0.6071719391093905,0.9956046379276206,1.2962563482519363,0.002182831238580581
36.904522613065325,0.16879635108412955,0.19879917510739992,1.0103937080084904,0.728033165426726,213.40276378838328,0.8943501661123351,1.7572261160454632,0.1830829764468819,0.9544054685799627,0.2993813904539073,0.14663696114448868,0.012036751028389582,0.5104711988821083,0.016167448002995837,0.7340937879077001,0.2695528978468338,0.2759507711624119,0.9948968532751652,0.20803112530759538,0.6899733057929968,0.6070207814925573,0.9944745708475463,1.296195310470351,0.0017341579811236394
37.14572864321608,0.16768900080188717,0.19390700364445643,1.0104722676273759,0.7335359184351029,209.50999307323335,0.8865858933492017,1.7572350283194846,0.18718729699618672,0.9547416898566029,0.30454786274790635,0.14577916021063725,0.01170182841666741,0.51045911642068,0.0147678391832809,0.7288229202488937,0.26377423876776895,0.2759810288247562,0.995869470496748,0.20794215619270803,0.6787695860196336,0.6068526738572136,0.9932177840008688,1.2961414277035554,0.001338079423367398
37.38693467336683,0.16658755314719637,0.1890409094458865,1.0105510655358392,0.7390553625719496,205.44155427810415,0.8784712442118765,1.7572441082891788,0.1913688455115258,0.9550793456337591,0.30973637798709125,0.1449319469832093,0.011371039703787686,0.5104476247424785,0.013436665542921092,0.7235489390620334,0.2579921662057026,0.27600807938012883,0.9967389968900755,0.20785173632835732,0.667383175989438,0.6066677113422633,0.9918349886540496,1.2960946383966165,0.000994143090604357
37.62814070351759,0.16549200297082461,0.1842008697628556,1.0106301034014715,0.7445916146446349,201.19307747980798,0.8699975027296364,1.757253359395605,0.19562920668508055,0.9554184141355487,0.3149466015570247,0.14409512607311653,0.011044308601393552,0.5104367172370794,0.012173161343201285,0.71827183092171,0.25220666544183157,0.2760319265333586,0.9975055515449945,0.20775987317571,0.6558150152736507,0.6064659929156868,0.9903269247000509,1.296054879696043,0.0007018869627552815
37.86934673366834,0.1644023444942521,0.1793868590663958,1.0107093828422649,0.7501447879863222,196.7601720112548,0.8611559115572915,1.7572627850955405,0.199969972447395,0.9557588744219975,0.32017821168807103,0.1432685107711492,0.010721562210128415,0.5104263874854128,0.010976583011563568,0.7129915827879656,0.2464177221799385,0.27605257420396323,0.9981692604524139,0.20766657407328726,0.6440660279989716,0.6062476169283476,0.9886943274182141,1.296022090302265,0.0004608604422250772
38.11055276381909,0.16331857118595627,0.17459884850084276,1.0107889054802681,0.7557149962143487,192.13828687586707,0.8519373935666578,1.7572723889710502,0.20439279242720798,0.9561007056738112,0.32543088846500356,0.14245191643922075,0.010402728439291832,0.5104166290464851,0.009846184435840148,0.7077081815734345,0.2406253220718306,0.2760700266314378,0.9987302598887564,0.20757184647334082,0.6321371526139904,0.6060126841928676,0.986937950492195,1.2959962084567602,0.00027060955777241945
38.35175879396984,0.16224067572804685,0.16983680573643165,1.0108686729384309,0.7613023530091348,187.32270263551138,0.8423325356667422,1.7572821747359382,0.20889937692222274,0.9564438872373999,0.3307043145188505,0.14164516101466923,0.010087736203740564,0.5104074354684407,0.008781218245632844,0.7024216141654621,0.23482945074159003,0.27608428839115606,0.9991886969270904,0.20747569793585988,0.6200293411344768,0.605761297953057,0.9850585657814189,1.2959771720267272,0.00013067758692719445
38.5929648241206,0.1611686504495337,0.1651006968834354,1.010948686763625,0.7669069667222038,182.30876635280293,0.8323320574047133,1.7572921460508053,0.21349141172885877,0.9567883995804183,0.335998189710008,0.14084807327147686,0.009776518649426316,0.5103988005945344,0.0077809712555556845,0.6971318680481521,0.22903009446754843,0.276095364144095,0.9995447213921612,0.207378135760237,0.6077435127597381,0.6054935587442253,0.98305692489633,1.295964921481535,4.0626935113116844e-5
38.83417085427136,0.1601024866301034,0.16039048341631304,1.0110289485643718,0.7725289500233269,177.09146649545366,0.8219259630971639,1.7573023068572895,0.21817071206794655,0.9571342225494016,0.341312204354574,0.14006047755274878,0.009469007192294588,0.5103907180136639,0.006844700816005111,0.691838930185564,0.22322723895789268,0.2761032590623432,0.9997984995381316,0.2072791676396228,0.5952806362743216,0.6052095734126881,0.9809338266289872,1.2959593945686854,0.0
39.07537688442211,0.1590421753959006,0.1557061261311898,1.0111094598511525,0.7781684087150376,171.66593000941387,0.8111045332605693,1.7573126609871057,0.22293904253810048,0.9574813373598036,0.3466460698038369,0.13928221105644925,0.009165138267384269,0.5103831816963837,0.005971708487747726,0.6865427883149392,0.21742087076847924,0.2761079783056862,0.9999501972236966,0.2071788008945309,0.5826416335372668,0.604909444432376,0.9786900370831301,1.2959605325013757,8.364654705045393e-6
39.31658291457287,0.15798770665269937,0.1510475804327061,1.0111902222180726,0.7838254544573441,166.02682779297294,0.7998571388077597,1.7573232126292382,0.2277983322692128,0.9578297243310093,0.351999483639841,0.1385131041396038,0.008864845638735673,0.510376185268623,0.005161255910809873,0.6812434294696103,0.21161097568344162,0.27610952764653224,0.9999999999999929,0.20707704335568047,0.5698274906568889,0.6045932822536629,0.9763263819950599,1.2959682728728126,6.526216271285193e-5
39.55778894472362,0.156939070467635,0.14641480243838131,1.0112712371281285,0.7895001897266574,160.16909030128792,0.7881736683471771,1.7573339657676794,0.23275041598742863,0.9581793655278394,0.3573721702654896,0.1377530031256385,0.00856806930436295,0.5103697228696847,0.00441266419345134,0.6759408417243453,0.2057975406286802,0.27610791268615725,0.9999480879171951,0.20697390230792131,0.5568391250011452,0.6042611903759327,0.9738436351348922,1.295982558062864,0.0001702689730415905
39.798994974874375,0.15589625574434188,0.1418077431254951,1.0113525061178552,0.7951927221504507,154.08720735578655,0.7760431316272658,1.7573449247311543,0.23779728717663956,0.958530242234811,0.36276384209331924,0.13700174845978297,0.008274746967177917,0.5103637883324865,0.0037252189528607124,0.6706350125279249,0.1999805518438004,0.276103139612713,0.9997946598903059,0.20686938550180456,0.543677512582928,0.6039132796405352,0.9712426251618974,1.2960033271993872,0.0003229376300002863
40.040201005025125,0.15485925112080604,0.13722635229771718,1.0114340306656058,0.8009031552807968,147.7756770768237,0.763454554948982,1.757356093840598,0.2429409357333578,0.9588823365649581,0.36817422426709795,0.13625918853904007,0.007984819434808854,0.510358375710292,0.003098231330661363,0.6653259297747488,0.19415999605695766,0.27609521469909115,0.9995399175582499,0.20676350049920647,0.5303436056556424,0.6035496589217317,0.9685241660292273,1.2960305213359842,0.0005228348335653617
40.28140703517588,0.1538280448088496,0.13267057787596445,1.011515812223871,0.8066315908582363,141.22890286452719,0.7503967756903441,1.757367477489883,0.24818338514346858,0.9592356310490252,0.3736030483492464,0.13552517606490966,0.0076982291955459674,0.510353479147468,0.0025310230217111076,0.6600135815420923,0.18833586019680093,0.2760841444025636,0.9991840684867594,0.20665625482699077,0.516838352063627,0.6031704372395903,0.9656890727800962,1.29606408220205,0.0007695322512911829
40.52261306532663,0.15280262420859125,0.1281403641951228,1.0115978522638163,0.812378131931384,134.44100569476652,0.7368580679239163,1.7573790802930658,0.2535267602930269,0.9595901080983777,0.3790500440677776,0.13479956354977699,0.007414918663840926,0.5103490926983644,0.0020229052934615014,0.654697955721385,0.1825081309882292,0.2760699355781601,0.9987273330272903,0.20654765621385718,0.5031627250680654,0.6027757272044587,0.9627381872989531,1.2961039503875567,0.001062593175125784
40.76381909547739,0.15178297656740525,0.12363565491526735,1.0116801522013865,0.8181428776809034,127.40611883138361,0.7228267302310708,1.7573909068529516,0.25897318088672655,0.9599457508800359,0.38451495276230824,0.13408221059820769,0.007134833023239594,0.5103452106256443,0.0015732135439791108,0.6493790406258889,0.17667679561861302,0.27605259512507135,0.9981699329508318,0.2064377121996166,0.48931767414370964,0.6023656392910448,0.9596723355040222,1.2961500683341118,0.001401594507918765
41.00502512562814,0.15076908823346216,0.11915638972387417,1.0117627134812848,0.8239259293018367,120.11803382441036,0.7082903796325578,1.7574029620385916,0.26452488924182366,0.9603025423118409,0.3899975119435026,0.13337297547433455,0.006857916933924832,0.5103418270591914,0.001181267790404064,0.6440568242959658,0.17084184097613156,0.2760321303948162,0.997512104568233,0.2063264305828849,0.47530418135615854,0.6019402883782964,0.9564923762399973,1.2962023769141926,0.001786101618240117
41.246231155778894,0.14976094548430274,0.11470250799638337,1.0118455374893818,0.8297273838682854,112.57056775489617,0.6932366840716713,1.7574152506973755,0.27018411770009904,0.9606604660929592,0.39549747112809003,0.13267172368021113,0.006584117882077037,0.5103389363510296,0.0008464137821772738,0.6387312952221813,0.16500325444254033,0.2760085487487006,0.9967540845049413,0.20621381895012206,0.46112320205459434,0.6014997868008991,0.9531991493304536,1.2962608190046054,0.002215694607976865
41.48743718592964,0.14875853421656796,0.11027394742545488,1.011928625591733,0.8355473370663803,104.75740781574981,0.6776530524250839,1.7574277777766174,0.2759531446209179,0.9610195062305782,0.40101458456593786,0.1319783239083765,0.006313384599580241,0.5103365329174758,0.0005680047163303004,0.6334024420240255,0.15916102354093953,0.2759818577305117,0.9958961152521714,0.20609988487804715,0.44677569036155557,0.6010442472690309,0.9497934974061786,1.2963253379180761,0.0026899567833482923
41.7286432160804,0.1477618394826805,0.10587064197407021,1.0120119791761055,0.841385886103048,96.67189686418058,0.6615262067793938,1.7574405484914906,0.2818343717193092,0.9613796465531702,0.40654860376072693,0.13129264408840957,0.006045665520425817,0.5103346110673861,0.0003453813418040785,0.628070253099914,0.15331513555205695,0.27595206531674654,0.9949384532103794,0.20598463617202478,0.4322626291924941,0.6005737864334055,0.9462762925577367,1.2963958756435396,0.0032084617197227325
41.969849246231156,0.14677084617805025,0.10149252491154251,1.0120955995887229,0.8472431252752817,88.30732893213512,0.6448427718374368,1.7574535680932526,0.28783021732808395,0.9617408714426737,0.4120992887208574,0.13061455733554278,0.005780911103308701,0.5103331652608006,0.00017790192044604472,0.6227347171545287,0.14746557809239189,0.275919179553119,0.9938813570049603,0.20586808051091665,0.4175849855325778,0.6000885195641199,0.9426483965540858,1.2964723754854224,0.0037707926623129703
42.211055276381906,0.14578553893025414,0.09713952832392395,1.0121794881485326,0.8531191469695142,79.65688874140768,0.6275891542789744,1.7574668419166697,0.2939431382377788,0.9621031656589384,0.4176664052618201,0.12994394045606292,0.005519073248071217,0.5103321900508465,6.493549709283032e-5,0.6173958230804768,0.14161233898447392,0.27588320861788745,0.9927250895218838,0.20575022552155497,0.40274371981499835,0.5995885616173854,0.9389106688175483,1.2965547814860359,0.004376538280337982
42.45226130653266,0.14480590156004397,0.09281158073278746,1.0122636461921357,0.8590140448087079,70.71340254562921,0.6097510458059795,1.7574803755747324,0.30017571936805243,0.9624665138175886,0.4232497169829006,0.12928066972427865,0.0052601036468484024,0.5103316798966782,5.840230977085055e-6,0.6120535595769009,0.13575540583872941,0.2758441611116967,0.9914699272245185,0.20563107904326675,0.3877398192320297,0.5990740312235062,0.9350639962382744,1.296643036496511,0.005025278486949351
42.69346733668342,0.1438319180272951,0.08850861127434115,1.0123480749975295,0.8649279083109208,61.46974734484258,0.5913142393359896,1.757494174638536,0.30653052634481853,0.9628309012611638,0.4288489986533659,0.12862462787327714,0.005003956513561962,0.5103316294794726,0.0,0.6067079157941222,0.12989476676022974,0.27580204555796684,0.990116144093885,0.20551064867813612,0.3725742411003845,0.5985450438533744,0.9311092420863821,1.2967370854440659,0.0057166084560916946
42.934673366834176,0.14286357168021074,0.08423054638248173,1.0124327758461564,0.8708608272355036,51.91851010143037,0.5722639492958802,1.757508244903391,0.3130102280505338,0.9631963133369494,0.4344640251154164,0.12797569824116595,0.004750586298359759,0.5103320334433087,4.679438466505866e-5,0.6013588808088035,0.1240304097732916,0.2757568708050216,0.9886640245548641,0.20538894215753312,0.35724795901750983,0.598001717345417,0.9270472873318819,1.296836872660574,0.006450118985478693
43.175879396984925,0.14190084532401587,0.07997731009227844,1.0125177500159146,0.8768128910935619,42.05200599601385,0.5525848480339198,1.7575225923745472,0.31961759004989204,0.9635627354754401,0.44009457248986394,0.12733376540965402,0.004499947936945453,0.5103328864228092,0.00014560187012494565,0.5960064436794187,0.11816232288229048,0.2757086459925501,0.987113862398132,0.20526596730567387,0.3417619582727968,0.5974441713575258,0.9228790265472552,1.2969423421606798,0.007225398540958002
43.41708542713568,0.14094372187951137,0.07574882694940407,1.0126029987376692,0.882784186101745,31.86254926913222,0.5322616060233496,1.7575372230552464,0.3263553769827749,0.9639301537003602,0.44574042601325903,0.12669871920075898,0.004251998411066027,0.5103341832338122,0.000295821933156005,0.590650593813791,0.11229049447460734,0.2756573802040234,0.98546594960726,0.20514173175522113,0.32611720003366523,0.5968725230135884,0.9186053353605538,1.297053439645783,0.008042047987282063
43.65829145728643,0.13999218364212748,0.0715450187367015,1.012688523246335,0.8887747987603467,21.34212860081468,0.5112782443951327,1.757552143200109,0.33322646925521476,0.9642985540167051,0.4514013706343603,0.1260704498266467,0.0040066948547992235,0.5103359186483607,0.0004968489773850304,0.5852913205367889,0.10641491284667641,0.27560308286377583,0.9837205891226998,0.20501624327912604,0.3103146631337984,0.5962868919335097,0.9142271080602666,1.2971701101503406,0.008899663286682978
43.89949748743719,0.13904621279884885,0.06736580675791107,1.012774324743893,0.8947848132628198,10.482634838449371,0.4896185891494725,1.757567359137459,0.34023378121530146,0.9646679228193075,0.4570771972922756,0.12544885109013146,0.003763995804167339,0.510338087547904,0.0007480900798601447,0.5799286134102738,0.10053556655475678,0.2755457634645332,0.9818780860833125,0.204889509563805,0.2943553155097149,0.5956873967226483,0.9097452313500479,1.2972922996517535,0.00979784733272983
44.14070351758794,0.13810579108136428,0.06321111030531802,1.0128604044275005,0.9008143134647228,-0.7243224666596962,0.46726590523130207,1.7575828774120625,0.34738032688836656,0.9650382465926697,0.4627676983040016,0.12483381798880364,0.0035238602616849634,0.5103406848123574,0.0010489521399344576,0.5745624619830955,0.09465244414084226,0.27548543175432727,0.979938753834639,0.20476153837055314,0.2782401345272778,0.5950741574714569,0.9051606030362415,1.2974199539102316,0.01073620142247622
44.381909547738694,0.1371708998910766,0.05908084721203454,1.0129467634791252,0.9068633821576485,-12.287361824231743,0.4442030027095495,1.75759870474329,0.3546692007090074,0.9654095120126044,0.4684726689262655,0.12422524750499103,0.003286248004794083,0.510343705358659,0.0013988463456135725,0.5691928558822662,0.08876553423261932,0.2754220976727034,0.9779029118783275,0.20463233747970508,0.26197009994995907,0.5944472948680021,0.9004741253930023,1.297553018872726,0.01171432822566526
44.62311557788944,0.13624152041600351,0.054974934368457275,1.0130334030601873,0.912932100693939,-24.215291974050672,0.4204123122323608,1.7576148479955669,0.36210356391344384,0.965781706010415,0.4741919083417382,0.12362303907233083,0.0030511197680339617,0.5103471441667571,0.0017971911838637004,0.5638197848573565,0.08287482559213981,0.27535577129043853,0.9757708839343968,0.20450191464819795,0.245546188594825,0.5938069295325307,0.8956867001874588,1.2976914409557838,0.01273183386391896
44.8643216080402,0.13531763360526494,0.0508932876095541,1.0131203243132945,0.9190205491081886,-36.51712909341294,0.3958758507062191,1.7576313141915747,0.36968665061849104,0.9661548157430299,0.4799252192001066,0.1230270943270179,0.002818437145917723,0.5103509962697235,0.0022434112954002835,0.5584432387666446,0.07698030710063608,0.2752864628253278,0.973542998448696,0.2043702776236279,0.22896937610265017,0.5931531822076686,0.890799230101656,1.2978351669446933,0.013788327169382846
45.10552763819096,0.13439922014651648,0.046835821615167854,1.0132075283624244,0.9251288061300589,-49.20210811555049,0.3705751987209384,1.7576481105209296,0.3774217718185806,0.9665288285738546,0.4856724073238485,0.12243731694091037,0.0025881625277695184,0.5103552567475226,0.0027369367528735427,0.5530632075782566,0.07108196775977108,0.2752141826564658,0.9712195890519586,0.20423743415425338,0.2122406381976153,0.5924861738791242,0.8858126196349445,1.2979841439285258,0.014883419207235874
45.346733668341706,0.1334862605902409,0.042802450459124466,1.0132950163139187,0.9312569492538645,-62.279669529042074,0.344491526878718,1.7576652443296885,0.3853123105528911,0.9669037321077893,0.4914332822463147,0.12185361285415151,0.002360259188550211,0.5103599207427821,0.0032772048877306266,0.5476796813496846,0.06517979666918326,0.27513894125885785,0.9688009924579233,0.2041033919554405,0.19536094646181926,0.5918060253023432,0.8807277715652111,1.2981383194856253,0.016016724639174376
45.58793969849246,0.13257873513516683,0.03879308666123233,1.0133827892597327,0.9374050549662408,-75.75952576801751,0.3176054633764654,1.7576827231714227,0.39336174542608954,0.9672795140862309,0.497207655598302,0.12127588946895042,0.002134690974074429,0.5103649834198629,0.00386365554893404,0.5422926502130214,0.059273783010298634,0.2750607493213009,0.9662875522525513,0.20396815878248564,0.17833127750571603,0.5911128580378642,0.8755455946892854,1.298297641232127,0.01718785840468914
45.82914572864321,0.13167662375292885,0.03480764173801955,1.013470848273353,0.9435731984601674,-89.6516261498635,0.2898971639388173,1.7577005547805895,0.40157363834526555,0.9676561624475931,0.5029953420380276,0.12070405610392963,0.0019114224784075656,0.5103704399897165,0.004495733982438794,0.5369021044064523,0.05336391608085648,0.2749796176812157,0.9636796167992381,0.2038317423880054,0.16115260760229366,0.5904067937962894,0.8702669989258842,1.2984620570960668,0.01839643773597412
46.07035175879397,0.13077990634277117,0.03084602688619999,1.0135591944071176,0.9497614534472553,-103.96611227974958,0.2613464007654348,1.7577187470367528,0.40995161804265023,0.9680336653861349,0.5087961601550983,0.12013802438459775,0.0016904191963231707,0.5103762857352977,0.005172893774895433,0.5315080342923756,0.04745018531477605,0.274895557242064,0.9609775365842375,0.20369415047392056,0.14382590664051564,0.5896879537104017,0.8648928898739005,1.2986315156074466,0.019642084290122954
46.311557788944725,0.12988856240283178,0.0269081515304373,1.0136478287041497,0.9559698929936556,-118.71346678121505,0.23193226588243784,1.7577373080801175,0.4184994332820709,0.9684120111759729,0.5146099297662365,0.11957770692962402,0.001471647010367699,0.5103825159414916,0.0058945887365876035,0.5261104302553881,0.04153258017031327,0.2748085791537005,0.9581816700139781,0.20355539081072627,0.12635215314478124,0.5889564601450763,0.85942418234345,1.298805965127656,0.020924418484801866
46.55276381909548,0.12900257137496016,0.022993924846717712,1.0137367521856957,0.9621985886331529,-133.90437308679512,0.2016334507951014,1.7577562462027387,0.427220902758041,0.9687911883423977,0.5204364745477775,0.11902301860947108,0.0012550726822852063,0.5103891259653828,0.00666028104120632,0.5207092828117172,0.0356110902500362,0.2747186946265309,0.9552923774412704,0.20341547111637429,0.10873231902280298,0.5882124348213013,0.8538617863308969,1.2989853546284038,0.02224306522397988
46.79396984924623,0.12812191263461167,0.019103255717704385,1.0138259658534452,0.9684476105296637,-149.5497339589767,0.17042820954713508,1.7577755698626947,0.43611992162282287,0.9691711856395984,0.5262756216933707,0.11847387635299148,0.0010406637775042626,0.5103961112288297,0.007469440365758253,0.5153045825871853,0.029685705276665725,0.27462591493800786,0.9523100213741124,0.20327439906539194,0.09096737071392996,0.5874559989531828,0.8482066080431128,1.2991696336183503,0.023597653358619436
47.03517587939699,0.1272465649922888,0.015236050530150699,1.0139154707045266,0.9747170285276103,-165.66089545062854,0.13829391202346047,1.7577952878569367,0.44520054108806845,0.969551991811268,0.5321271982353886,0.11793019737402287,0.0008283879727239575,0.5104034671207335,0.008321532569527305,0.5098963201890939,0.023756414952618213,0.2745302517070152,0.9492349752956386,0.20313218246165443,0.07305829094605756,0.5866872758702211,0.8424595695018323,1.2993587510528577,0.02498780767253073
47.27638190954774,0.12637650745166173,0.011392216524207011,1.0140052677057168,0.9810069103454272,-182.24931139609564,0.10520771313492493,1.757815409061164,0.4544668486306633,0.9699335959512402,0.5379910365865556,0.11739190180240942,0.0006182140831785303,0.5104111891463126,0.00921603698575294,0.5044844864341348,0.017823209209872192,0.2744317164802195,0.9460676103675927,0.2029888289757296,0.055006045659922266,0.5859063869564157,0.836621578184065,1.2995526570020588,0.026413161143917632
47.517587939698494,0.12551171883867399,0.007571660154843905,1.0140953578069418,0.9873173225212286,-199.32671950712233,0.07114620158857882,1.7578359425662482,0.4639230308198247,0.9703159873119346,0.5438669715964811,0.11685891126931844,0.0004101115102837527,0.5104192728497959,0.010152437466596295,0.4990690722298402,0.011886078079998507,0.2743303209357704,0.942808301978177,0.20284434627788087,0.036811600757932036,0.5851134536853233,0.8306935422363548,1.2997513017958104,0.02787334866015108
47.75879396984924,0.1246521776078355,0.0037742862360724645,1.0141857419499831,0.9936483310226207,-216.90526572480633,0.03608515186318082,1.7578568977750126,0.4735734178860118,0.9706991552041081,0.5497548390111979,0.11633114816036023,0.00020404995002260516,0.510427713773167,0.011130217604086995,0.493650068489144,0.0059450116004898974,0.2742260769922235,0.9394574332433208,0.20269874210933467,0.018475931078731817,0.5843085987407408,0.8246763788531057,1.2999546355633502,0.029368003633900384
48.0,0.12379786230829289,0.0,1.0142764210506785,0.9999999999999845,-234.99726567253092,0.0,1.7578782842168188,0.48342239833368744,0.9710830892129768,0.5556544787941575,0.11580853717037153,0.0,0.5104365075474566,0.012148871305349244,0.48822746629934294,0.0,0.27411899655191035,0.9360153867574401,0.20255202412030548,0.0,0.5834919434611049,0.818570995170694,1.3001626092617398,0.030896765562959456
